대여소 아이디,대여소 이름,사용유무,주소(동),상세주소,경도,위도,권역,지오펜스 거리,등록일,수정일
701,보람동 호려울마을 8단지,Y,보람동,세종특별자치시 보람동 777,127.2954371,36.4791728,3,25,2023-11-10 13:12:41,2024-07-01 21:49:25
702,어진동_정부청사인근(6동-1),Y,어진동,세종특별자치시 어진동 560,127.2637754,36.5040239,1,30,2023-11-10 13:16:23,2024-03-24 15:12:27
703,아름동 대법원등기정보센터 앞,Y,아름동,세종특별자치시 아름동 1325,127.2416055,36.5114794,1,25,2023-11-10 13:18:37,2024-05-07 21:27:50
SJ_00001,보람동_세종시청 정문1,Y,보람동,세종특별자치시 보람동 702,127.289038,36.478950,3,35,2018-06-19 19:37:25,2023-11-28 13:38:43
SJ_00002,보람동_시드니하트,Y,보람동,세종특별자치시 보람동 616-1,127.294110,36.484045,3,35,2018-07-09 20:33:41,2021-04-20 13:56:15
SJ_00003,보람동_세종시청 후문,Y,보람동,세종특별자치시 보람동 663,127.288405,36.480258,3,35,2018-06-21 15:44:32,2023-12-11 06:53:55
SJ_00004,보람동_세종시청후문 잔디광장,Y,보람동,세종특별자치시 보람동 626-2,127.289090,36.480842,3,35,2018-06-21 15:49:04,2023-12-11 06:54:08
SJ_00005,보람동_호려울302동 건너편,Y,보람동,세종특별자치시 보람동 664-47,127.281104,36.477518,3,35,2018-06-21 15:51:54,2024-04-01 19:56:39
SJ_00006,보람동_세종교육청,Y,보람동,세종특별자치시 보람동 664-17,127.286182,36.477736,3,30,2018-06-21 15:56:15,2020-12-10 10:24:00
SJ_00007,보람동_세종남부경찰서 건너편,Y,보람동,세종특별자치시 보람동 623-5,127.291883,36.482037,3,35,2018-06-21 15:59:08,2022-02-09 15:29:43
SJ_00008,보람동_새샘315동앞,Y,보람동,세종특별자치시 보람동 617-5,127.294376,36.483899,3,35,2018-07-09 20:35:58,2020-12-10 10:24:00
SJ_00009,보람동_호려울8단지 정문,Y,보람동,세종특별자치시 보람동 686,127.295439,36.478263,3,35,2018-07-09 20:38:15,2020-12-10 10:24:00
SJ_00010,보람동_호려울810동,Y,보람동,세종특별자치시 보람동 635-8,127.297308,36.479951,3,35,2018-07-09 20:39:23,2020-12-15 14:07:14
SJ_00011,소담동_새샘512동 건너편BRT 1,Y,소담동,세종특별자치시 소담동 617,127.3079269,36.4814824,3,35,2018-08-11 11:25:39,2024-07-02 18:54:01
SJ_00012,소담동_새샘216동앞BRT,Y,소담동,세종특별자치시 소담동 32-123,127.297858,36.482487,3,35,2018-07-09 20:43:17,2023-11-28 13:39:40
SJ_00013,소담동_새샘217동앞BRT,Y,소담동,세종특별자치시 소담동 32-127,127.298771,36.483134,3,35,2018-07-09 20:44:04,2020-12-10 10:24:00
SJ_00014,소담동_새샘308동앞BRT,Y,소담동,세종특별자치시 소담동 32-123,127.297934,36.483150,3,35,2018-07-09 20:45:15,2020-12-10 10:24:00
SJ_00015,소담동_새샘307동앞BRT,Y,소담동,세종특별자치시 소담동 32-127,127.298764,36.483792,3,20,2018-07-09 20:46:14,2021-08-12 09:45:42
SJ_00016,소담동_새샘316동앞,Y,소담동,세종특별자치시 소담동 550,127.295300,36.484876,3,35,2018-07-09 20:47:06,2022-08-15 15:52:21
SJ_00017,소담동_새샘316동건너편,Y,소담동,세종특별자치시 소담동 333-1,127.2949574,36.485002,3,15,2018-07-09 20:47:56,2023-04-06 21:55:28
SJ_00018,소담동_새샘301동건너편,Y,소담동,세종특별자치시 소담동 333-6,127.2955006,36.4856544,3,20,2018-07-09 20:48:43,2024-03-14 21:51:53
SJ_00019,다정동_별뜰근린공원,Y,다정동,세종특별자치시 다정동 409,127.235896,36.499667,2,35,2019-07-04 14:22:35,2020-12-10 10:24:00
SJ_00020,소담동_글벗초 건너편,Y,소담동,세종특별자치시 소담동 509-6,127.2966195,36.4873522,3,35,2018-07-09 20:51:58,2023-05-29 14:50:13
SJ_00021,소담동_새샘803동 앞BRT2,Y,소담동,세종특별자치시 소담동 332-4,127.301179,36.486802,3,35,2018-07-09 20:53:43,2022-02-10 07:44:51
SJ_00022,소담동_새샘803동 건너편BRT1,Y,소담동,세종특별자치시 소담동 332-4,127.301857,36.486763,3,35,2018-07-09 20:54:36,2021-08-11 12:45:22
SJ_00023,소담동_새샘512동앞BRT(대전방향),Y,소담동,세종특별자치시 소담동 9-3,127.3073797,36.4814521,3,40,2018-07-09 20:56:01,2024-07-02 19:00:35
SJ_00024,소담동_새샘511동앞BRT(대전방향),Y,소담동,세종특별자치시 소담동 9-220,127.3075864,36.4809001,3,35,2018-07-09 20:56:47,2024-07-02 18:59:57
SJ_00025,소담동_새샘512동 건너편BRT 2,Y,소담동,세종특별자치시 소담동 617,127.307869,36.481636,3,35,2018-07-09 20:57:58,2024-07-02 18:56:11
SJ_00026,소담동_새샘511동 건너편BRT,Y,소담동,세종특별자치시 소담동 9-5,127.3080387,36.4810588,3,30,2018-07-09 20:58:40,2024-07-02 18:48:30
SJ_00027,소담동_새샘902동앞,Y,소담동,세종특별자치시 소담동 521,127.298603,36.489872,3,35,2018-07-09 21:01:01,2021-08-14 13:39:02
SJ_00028,소담동_새샘903동건너편,Y,소담동,세종특별자치시 소담동 282-2,127.2986594,36.4907828,3,35,2018-07-09 21:01:54,2023-05-29 15:08:50
SJ_00029,소담동_새샘602동버스정류장,Y,소담동,세종특별자치시 소담동 산 9,127.307027,36.482323,3,30,2018-07-09 21:04:15,2024-11-04 16:16:24
SJ_00030,소담동_새샘602동버스정류장건너편,Y,소담동,세종특별자치시 소담동 617,127.307528,36.482526,3,30,2018-07-09 21:05:11,2024-09-10 18:34:11
SJ_00031,반곡동_한국조세재정연구원 건너편 버스정류장,Y,반곡동,세종특별자치시 반곡동 산68,127.301434,36.493997,3,35,2018-07-09 21:08:19,2020-12-10 10:24:00
SJ_00032,반곡동_국책연구단지 건너편 버스정류장,Y,반곡동,세종특별자치시 반곡동 735,127.303227,36.495907,3,35,2018-07-09 21:11:21,2020-12-10 10:24:00
SJ_00033,대평동_해들613동앞BRT,Y,대평동,세종특별자치시 대평동 613-2,127.280487,36.475127,3,35,2018-07-30 10:20:05,2020-12-10 10:24:00
SJ_00034,대평동_해들513동앞BRT,Y,대평동,세종특별자치시 대평동 648,127.2809066,36.4748459,3,35,2018-07-30 10:21:06,2024-07-01 21:36:30
SJ_00035,대평동_씨티오브드림BRT1,Y,대평동,세종특별자치시 대평동 63-16,127.276688,36.472668,3,25,2018-07-30 10:27:55,2024-05-21 07:39:04
SJ_00036,대평동_씨티오브드림BRT2,Y,대평동,세종특별자치시 대평동 65-12,127.276106,36.472293,3,25,2018-07-30 10:28:40,2024-05-21 07:38:37
SJ_00037,대평동_씨티오브드림BRT3,Y,대평동,세종특별자치시 대평동 125-3,127.275669,36.471963,3,20,2018-07-30 10:29:26,2024-09-06 13:40:26
SJ_00038,대평동_세종메디컬센터BRT1,Y,대평동,세종특별자치시 대평동 548,127.277055,36.472382,3,35,2018-07-30 10:30:55,2020-12-10 10:24:00
SJ_00039,대평동_세종메디컬센터BRT2,Y,대평동,세종특별자치시 대평동 65-15,127.276779,36.472197,3,35,2018-07-30 10:31:39,2020-12-10 10:24:00
SJ_00040,대평동_세종메디컬센터BRT3,Y,대평동,세종특별자치시 대평동 152-7,127.276105,36.471763,3,20,2018-07-30 10:32:22,2024-11-20 08:09:01
SJ_00041,대평동_해피라움블루 건너편,Y,대평동,세종특별자치시 대평동 198-64,127.274318,36.475098,3,35,2018-07-30 10:33:29,2020-12-10 10:24:00
SJ_00042,대평동_금강변길,Y,대평동,세종특별자치시 대평동 201-7,127.272908,36.474216,3,35,2018-07-30 10:34:12,2020-12-10 10:24:00
SJ_00044,대평동_세종고속시외버스터미널BRT,Y,대평동,세종특별자치시 대평동 643,127.273195,36.470563,3,35,2018-07-30 10:38:08,2020-12-10 10:24:00
SJ_00045,대평동_세종고속시외버스터미널 건너편,Y,대평동,세종특별자치시 대평동 499,127.274299,36.469017,3,30,2018-07-30 10:39:02,2024-11-01 19:13:52
SJ_00046,보람동_세종시청 서문 ,Y,보람동,세종특별자치시 보람동 627-2,127.288415,36.479836,3,35,2018-08-03 10:16:38,2020-12-10 10:24:00
SJ_00047,한솔동_세종보 입구,Y,한솔동,세종특별자치시 한솔동 1250,127.259123,36.476538,2,35,2018-08-06 08:15:57,2024-02-20 10:44:27
SJ_00048,한솔동_한솔중학교 버스정류장,Y,한솔동,세종특별자치시 한솔동 976,127.255363,36.475171,2,35,2018-08-06 08:17:02,2020-12-10 10:24:00
SJ_00049,한솔동_첫마을7단지702동앞,Y,한솔동,세종특별자치시 한솔동 1234,127.254921,36.474023,2,35,2018-08-06 08:17:58,2020-12-10 10:24:00
SJ_00050,한솔동_첫마을6단지617동옆,Y,한솔동,세종특별자치시 한솔동 984,127.251964,36.475565,2,20,2018-08-06 08:19:08,2022-06-10 08:44:08
SJ_00051,한솔동_한솔고등학교,Y,한솔동,세종특별자치시 한솔동 971,127.252185,36.478211,2,35,2018-08-06 08:20:15,2022-01-21 09:04:34
SJ_00052,한솔동_첫마을5단지525동옆,Y,한솔동,세종특별자치시 한솔동 1229,127.250310,36.477601,2,30,2018-08-06 08:20:58,2021-08-23 07:33:56
SJ_00053,한솔동_주민센터,Y,한솔동,세종특별자치시 한솔동 1230,127.254900,36.479357,2,35,2018-08-06 08:21:55,2020-12-10 10:24:00
SJ_00054,한솔동_첫마을 404동앞,Y,한솔동,세종특별자치시 한솔동 1229,127.253419,36.481052,2,35,2018-08-06 08:23:21,2021-12-27 18:59:59
SJ_00055,한솔동_첫마을 402동앞,Y,한솔동,세종특별자치시 한솔동 1229,127.251569,36.480223,2,35,2018-08-06 08:24:07,2022-04-20 17:23:32
SJ_00057,한솔동_첫마을1단지,Y,한솔동,세종특별자치시 한솔동 1231,127.2596128,36.4821524,2,35,2018-08-06 08:26:21,2024-11-12 16:19:23
SJ_00058,한솔동_첫마을3단지,Y,한솔동,세종특별자치시 한솔동 1232,127.260369,36.479792,2,35,2018-08-06 08:27:25,2021-09-24 12:58:09
SJ_00059,나성동_한솔동금강프라자1,Y,나성동,세종특별자치시 나성동 724,127.262518,36.4791019,2,35,2018-08-06 08:29:25,2023-05-25 20:38:06
SJ_00060,나성동_한솔동금강프라자2,Y,나성동,세종특별자치시 나성동 723,127.262328,36.479133,2,35,2018-08-06 08:30:30,2022-05-04 23:15:06
SJ_00061,새롬동_새뜸정문 102동앞,Y,새롬동,세종특별자치시 새롬동 산77,127.2485116,36.4827356,2,30,2018-08-06 13:13:16,2024-08-27 19:10:44
SJ_00062,새롬동_새뜸5단지,Y,새롬동,세종특별자치시 새롬동 341-114,127.2505161,36.483064,2,35,2018-08-06 13:14:22,2024-06-05 21:23:44
SJ_00063,새롬동_새뜸8단지건너편,Y,새롬동,세종특별자치시 새롬동 341-77,127.253073,36.484625,2,35,2018-08-06 13:15:38,2020-12-10 10:24:00
SJ_00064,새롬동_새뜸프라자앞,Y,새롬동,세종특별자치시 새롬동 341-106,127.251999,36.484200,2,35,2018-08-06 13:17:56,2020-12-10 10:24:00
SJ_00065,새롬동_복합커뮤니티센터 옆,Y,새롬동,세종특별자치시 새롬동 산75,127.251332,36.485046,2,35,2018-08-06 13:18:34,2020-12-10 17:49:35
SJ_00066,새롬동_세움빌딩앞,Y,새롬동,세종특별자치시 새롬동 산75,127.250956,36.485164,2,25,2018-08-06 13:19:46,2024-11-28 18:53:11
SJ_00067,새롬동_행운빌딩,Y,새롬동,세종특별자치시 새롬동 산26,127.250624,36.485790,2,40,2018-08-06 13:21:19,2020-12-10 10:24:00
SJ_00068,새롬동_오렌지빌딩,Y,새롬동,세종특별자치시 새롬동 산6,127.250476,36.486842,2,35,2018-08-06 13:22:00,2020-12-10 10:24:00
SJ_00069,새롬동_해피라움W앞,Y,새롬동,세종특별자치시 새롬동 산6,127.250668,36.486754,2,35,2018-08-06 13:22:48,2020-12-10 10:24:00
SJ_00070,새롬동_새뜸1003동건너편,Y,새롬동,세종특별자치시 새롬동 산5,127.251418,36.487309,2,35,2018-08-06 13:37:33,2020-12-10 10:24:00
SJ_00071,새롬동_새뜸402동앞로터리,Y,새롬동,세종특별자치시 새롬동 454-4,127.247663,36.486780,2,35,2018-08-06 13:38:22,2020-12-10 10:24:00
SJ_00072,새롬동_새뜸703동앞,Y,새롬동,세종특별자치시 새롬동 302-1,127.2503098,36.4880271,2,40,2018-08-06 13:40:06,2024-08-27 19:05:00
SJ_00073,새롬동_새뜸705동앞,Y,새롬동,세종특별자치시 새롬동 266,127.2500531,36.4893226,2,35,2018-08-06 13:50:39,2024-08-27 19:03:35
SJ_00074,새롬동_새롬종합복지센터좌,Y,새롬동,세종특별자치시 새롬동 66-5,127.256033,36.485805,2,35,2018-08-06 13:52:41,2020-12-10 10:24:00
SJ_00075,나성동_명동프라자옆BRT,Y,나성동,세종특별자치시 나성동 726,127.257124,36.487564,2,35,2018-08-06 13:54:46,2020-12-10 10:24:00
SJ_00076,다정동_다정초 봄빛문화공원,Y,다정동,세종특별자치시 다정동 22-6,127.243401,36.493183,2,35,2018-08-06 14:18:51,2020-12-10 10:24:00
SJ_00077,다정동_가온511동앞,Y,다정동,세종특별자치시 다정동 334,127.2447827,36.4946096,2,35,2018-08-06 14:21:00,2024-07-01 15:53:55
SJ_00078,다정동_the다정빌딩옆,Y,다정동,세종특별자치시 다정동 7-3,127.248580,36.494859,2,35,2018-08-06 14:22:18,2020-12-10 10:24:00
SJ_00079,다정동_가온403동건너편 공원,Y,다정동,세종특별자치시 다정동 9-3,127.248148,36.493878,2,35,2018-08-06 14:24:07,2021-08-04 12:07:04
SJ_00080,다정동_가온414동,Y,다정동,세종특별자치시 다정동 363-257,127.249472,36.490763,2,30,2018-08-06 14:27:17,2021-09-09 18:19:42
SJ_00081,다정동_가온1006동앞,Y,다정동,세종특별자치시 다정동 363-38,127.252430,36.490872,2,35,2018-08-06 14:28:21,2020-12-10 10:24:00
SJ_00082,다정동_가온703동 옆,Y,다정동,세종특별자치시 다정동 967,127.252106,36.492861,2,35,2018-08-06 14:29:09,2021-08-04 09:10:26
SJ_00083,다정동_가온1215옆,Y,다정동,세종특별자치시 다정동 363-153,127.252411,36.493288,2,35,2018-08-06 14:30:02,2020-12-10 10:24:00
SJ_00084,다정동_가온8단지앞상가(페스티발2),Y,다정동,세종특별자치시 다정동 7-4,127.249278,36.494827,2,20,2018-08-06 14:31:08,2021-12-07 19:48:39
SJ_00085,나성동_모닝시티오피스텔,Y,나성동,세종특별자치시 나성동 734,127.255910,36.491253,2,45,2018-08-06 14:32:53,2020-12-10 17:48:14
SJ_00086,다정동_가온807동앞,Y,다정동,세종특별자치시 다정동 13,127.252129,36.495453,2,35,2018-08-06 14:33:57,2020-12-10 10:24:00
SJ_00087,다정동_가온312동앞,Y,다정동,세종특별자치시 다정동 308-5,127.240739,36.499051,2,35,2018-08-06 14:36:57,2020-12-10 10:24:00
SJ_00088,다정동_가온314동앞,Y,다정동,세종특별자치시 종촌동 710,127.243434,36.499395,2,40,2018-08-06 14:38:29,2020-12-15 14:04:41
SJ_00089,다정동_가온315동앞,Y,다정동,세종특별자치시 다정동 273-4,127.244546,36.499254,2,35,2018-08-06 14:39:22,2020-12-10 10:24:00
SJ_00090,다정동_가온607동앞,Y,다정동,세종특별자치시 다정동 1-1,127.245067,36.498814,2,35,2018-08-06 14:40:12,2020-12-10 10:24:00
SJ_00091,다정동_가온603동앞 공원,Y,다정동,세종특별자치시 다정동 85-1,127.248717,36.498982,2,35,2018-08-06 14:40:56,2020-12-10 10:24:00
SJ_00092,다정동_가온603동앞,Y,다정동,세종특별자치시 다정동 85-2,127.248864,36.498653,2,35,2018-08-06 14:41:54,2020-12-10 10:24:00
SJ_00093,다정동_가온906동앞,Y,다정동,세종특별자치시 다정동 93,127.249656,36.498909,2,30,2018-08-06 14:43:00,2021-04-02 17:44:22
SJ_00094,다정동_가온904동앞 공원,Y,다정동,세종특별자치시 다정동 95,127.251723,36.498332,2,35,2018-08-06 14:43:36,2021-08-04 12:11:36
SJ_00095,고운동_고운동(만남로),Y,고운동,세종특별자치시 고운동 1816,127.236016,36.501136,1,35,2018-08-06 14:48:25,2020-12-10 10:24:00
SJ_00096,고운동_가락602동앞,Y,고운동,세종특별자치시 고운동 2057,127.239876,36.502350,1,35,2018-08-06 14:50:46,2020-12-10 10:24:00
SJ_00097,고운동_가락612동건너편,Y,고운동,세종특별자치시 고운동 1740,127.238061,36.502561,1,35,2018-08-06 14:51:47,2020-12-10 10:24:00
SJ_00098,고운동_가락704동앞,Y,고운동,세종특별자치시 고운동 1724,127.237998,36.504463,1,35,2018-08-06 14:52:54,2020-12-10 10:24:00
SJ_00099,고운동_그랜드프라자앞,Y,고운동,세종특별자치시 고운동 2057,127.233817,36.505251,1,35,2018-08-06 14:54:55,2020-12-10 10:24:00
SJ_00100,고운동_가락303동앞,Y,고운동,세종특별자치시 고운동 1708,127.236700,36.506601,1,35,2018-08-06 14:56:10,2024-06-07 14:59:07
SJ_00101,고운동_고운중학교,Y,고운동,세종특별자치시 고운동 1709,127.237259,36.506298,1,25,2018-08-06 14:57:28,2020-12-10 10:24:00
SJ_00102,고운동_고운중 버스정류장,Y,고운동,세종특별자치시 고운동 1709,127.237513,36.506158,1,25,2018-08-06 14:58:10,2020-12-10 10:24:00
SJ_00103,고운동_가락801동앞,Y,고운동,세종특별자치시 고운동 2058,127.239389,36.507022,1,55,2018-08-06 14:59:12,2020-12-10 10:24:00
SJ_00104,고운동_참샘빌딩건너편,Y,고운동,세종특별자치시 고운동 2058,127.234265,36.506451,1,35,2018-08-06 16:03:03,2020-12-10 10:24:00
SJ_00105,고운동_마음로 버스정류장,Y,고운동,세종특별자치시 고운동 2057,127.231786,36.507032,1,35,2018-08-06 16:06:38,2020-12-10 10:24:00
SJ_00106,고운동_으뜸초등학교건너편,Y,고운동,세종특별자치시 고운동 1466,127.230843,36.507874,1,35,2018-08-06 16:09:15,2020-12-10 10:24:00
SJ_00107,고운동_가락1103동앞,Y,고운동,세종특별자치시 고운동 2057,127.229930,36.510399,1,35,2018-08-06 16:15:19,2020-12-10 10:24:00
SJ_00108,고운동_가락1302동앞,Y,고운동,세종특별자치시 고운동 1401,127.229697,36.513094,1,55,2018-08-06 16:19:45,2020-12-10 10:24:00
SJ_00109,고운동_가락1307동앞,Y,고운동,세종특별자치시 고운동 1401,127.229857,36.514480,1,30,2018-08-06 16:25:20,2021-09-09 14:31:07
SJ_00110,고운동_가락1004동앞,Y,고운동,세종특별자치시 고운동 1400,127.229409,36.514352,1,25,2018-08-06 16:27:56,2020-12-10 10:24:00
SJ_00111,고운동_고운고등학교 건너편,Y,고운동,세종특별자치시 고운동 2058,127.234014,36.510417,1,35,2018-08-06 16:29:25,2020-12-10 10:24:00
SJ_00112,고운동_고운고등학교앞 로터리,Y,고운동,세종특별자치시 고운동 1412,127.233675,36.510748,1,25,2018-08-06 16:32:17,2021-12-27 19:25:37
SJ_00113,고운동_고운동성당 건너편,Y,고운동,세종특별자치시 고운동 1403,127.233017,36.513226,1,35,2018-08-06 16:33:28,2022-03-28 16:26:17
SJ_00114,고운동_고운동(마음안로)2,Y,고운동,세종특별자치시 고운동 1355,127.233130,36.515171,1,35,2018-08-06 16:38:37,2020-12-10 10:24:00
SJ_00116,고운동_고운동(마음로),Y,고운동,세종특별자치시 고운동 2057,127.230874,36.516825,1,35,2018-08-06 16:41:25,2020-12-10 10:24:00
SJ_00117,고운동_ 침례교회앞,Y,고운동,세종특별자치시 고운동 2057,127.231787,36.517593,1,35,2018-08-06 16:42:14,2020-12-15 14:05:23
SJ_00118,고운동_고운빌딩앞,Y,고운동,세종특별자치시 고운동 1152,127.232672,36.518381,1,35,2018-08-06 16:44:36,2020-12-10 10:24:00
SJ_00119,고운동_고운빌딩 건너편,Y,고운동,세종특별자치시 고운동 2057,127.232677,36.518663,1,35,2018-08-06 16:46:25,2020-12-10 10:24:00
SJ_00120,고운동_한빛교회 건너편,Y,고운동,세종특별자치시 고운동 2058,127.234859,36.516338,1,35,2018-08-06 16:48:44,2020-12-10 10:24:00
SJ_00121,고운동_복합커뮤니티센터,Y,고운동,세종특별자치시 고운동 1382,127.237240,36.520021,1,35,2018-08-06 17:02:57,2020-12-10 10:24:00
SJ_00122,고운동_가락1809동앞,Y,고운동,세종특별자치시 고운동 2057,127.237027,36.520219,1,35,2018-08-06 17:11:38,2020-12-10 10:24:00
SJ_00123,한솔동_첫마을402동 건너편,Y,한솔동,세종특별자치시 한솔동 963,127.251731,36.479975,2,35,2019-07-04 14:47:29,2020-12-10 10:24:00
SJ_00124,고운동_가락1506동앞,Y,고운동,세종특별자치시 고운동 1393,127.237564,36.517281,1,30,2018-08-06 17:17:01,2021-11-23 18:09:39
SJ_00125,고운동_두루중학교,Y,고운동,세종특별자치시 고운동 1385,127.239164,36.518155,1,35,2018-08-06 17:18:54,2020-12-10 10:24:00
SJ_00126,고운동_가락2105동앞,Y,고운동,세종특별자치시 고운동 1390,127.241418,36.517565,1,30,2018-08-06 17:20:30,2021-10-26 15:54:50
SJ_00128,고운동_가락1606동앞,Y,고운동,세종특별자치시 고운동 1395,127.239155,36.516902,1,35,2018-08-06 17:22:13,2020-12-10 10:24:00
SJ_00129,고운동_가락1604동앞,Y,고운동,세종특별자치시 고운동 1395,127.239129,36.515410,1,40,2018-08-06 17:22:54,2020-12-10 10:24:00
SJ_00130,고운동_가락810동건너편,Y,고운동,세종특별자치시 고운동 2058,127.239969,36.508943,1,35,2018-08-06 17:23:50,2020-12-10 10:24:00
SJ_00131,고운동_가락810동앞,Y,고운동,세종특별자치시 고운동 1706,127.240092,36.508769,1,35,2018-08-06 17:24:47,2020-12-10 10:24:00
SJ_00132,고운동_한옥마을건너편1,Y,고운동,세종특별자치시 고운동 2103,127.239786,36.510795,1,35,2018-08-06 17:26:28,2024-03-13 10:39:04
SJ_00133,고운동_한옥마을건너편2,Y,고운동,세종특별자치시 고운동 2103,127.239665,36.510333,1,35,2018-08-06 17:27:00,2024-03-13 10:38:21
SJ_00134,고운동_한옥마을앞,Y,고운동,세종특별자치시 고운동 2171,127.239400,36.510443,1,35,2018-08-06 17:27:38,2024-03-13 10:41:56
SJ_00135,종촌동_가재102동앞,Y,종촌동,세종특별자치시 종촌동 686,127.243793,36.501713,1,35,2018-08-06 20:39:47,2022-01-20 14:04:35
SJ_00136,종촌동_가재303동앞,Y,종촌동,세종특별자치시 종촌동 679,127.241406,36.503886,1,35,2018-08-06 20:40:22,2020-12-10 10:24:00
SJ_00137,종촌동_가재310동앞,Y,종촌동,세종특별자치시 종촌동 679,127.243896,36.505023,1,35,2018-08-06 20:41:46,2024-09-06 08:12:41
SJ_00138,종촌동_가재403동앞,Y,종촌동,세종특별자치시 종촌동 640,127.244961,36.505519,1,25,2018-08-06 20:42:24,2024-04-26 16:42:53
SJ_00139,종촌동_가재502동앞,Y,종촌동,세종특별자치시 종촌동 710,127.246239,36.499491,1,35,2018-08-06 20:43:13,2020-12-10 10:24:00
SJ_00140,다정동_가온605동앞 공원,Y,다정동,세종특별자치시 다정동 57-1,127.247137,36.499098,2,35,2018-08-06 20:44:06,2021-04-28 17:46:03
SJ_00141,종촌동_종촌중학교,Y,종촌동,세종특별자치시 종촌동 675,127.246085,36.502060,1,40,2018-08-06 20:46:56,2020-12-10 10:24:00
SJ_00142,종촌동_CGV앞,Y,종촌동,세종특별자치시 종촌동 674,127.247207,36.502186,1,35,2018-08-06 20:52:14,2020-12-10 10:24:00
SJ_00143,종촌동_가재523동앞,Y,종촌동,세종특별자치시 종촌동 690,127.248263,36.501980,1,25,2018-08-06 20:52:53,2024-08-02 16:46:17
SJ_00144,종촌동_소망교회앞,Y,종촌동,세종특별자치시 종촌동 671,127.248730,36.502239,1,25,2018-08-06 20:53:28,2024-08-02 16:45:57
SJ_00145,종촌동_가재801동앞,Y,종촌동,세종특별자치시 종촌동 692,127.250042,36.500706,1,30,2018-08-06 20:54:33,2021-10-08 16:41:18
SJ_00146,종촌동_공영주차장앞,Y,종촌동,세종특별자치시 종촌동 665,127.249992,36.503494,1,20,2018-08-06 20:55:24,2022-01-20 12:58:41
SJ_00147,종촌동_가재1103동건너편1,Y,종촌동,세종특별자치시 종촌동 659,127.249890,36.504114,1,30,2018-08-06 20:56:08,2020-12-10 10:24:00
SJ_00148,종촌동_가재1103동건너편2,Y,종촌동,세종특별자치시 종촌동 659,127.249841,36.504353,1,35,2018-08-06 20:57:14,2020-12-10 10:24:00
SJ_00149,종촌동_가재704동앞,Y,종촌동,세종특별자치시 종촌동 701,127.249620,36.506615,1,25,2018-08-06 20:58:24,2024-05-17 14:54:14
SJ_00150,종촌동_가재911동앞,Y,종촌동,세종특별자치시 종촌동 697,127.251003,36.501881,1,45,2018-08-06 20:58:56,2020-12-10 10:24:00
SJ_00151,종촌동_가재1008동앞,Y,종촌동,세종특별자치시 종촌동 656-1,127.252239,36.501901,1,35,2018-08-06 20:59:43,2020-12-10 10:24:00
SJ_00152,종촌동_가재1009동건너편,Y,종촌동,세종특별자치시 종촌동 697,127.252735,36.501528,1,35,2018-08-06 21:00:31,2020-12-10 10:24:00
SJ_00153,종촌동_가재1102동앞,Y,종촌동,세종특별자치시 종촌동 654,127.250999,36.504626,1,25,2018-08-06 21:01:32,2024-07-24 07:39:41
SJ_00154,종촌동_가재1202동앞,Y,종촌동,세종특별자치시 종촌동 701,127.250973,36.504884,1,35,2018-08-06 21:02:07,2020-12-10 10:24:00
SJ_00155,아름동_범지기101동앞,Y,아름동,세종특별자치시 아름동 1477,127.241923,36.508983,1,15,2018-08-06 21:05:22,2020-12-21 09:47:14
SJ_00156,아름동_범지기401동건너편,Y,아름동,세종특별자치시 아름동 1376,127.250010,36.509118,1,35,2018-08-06 21:06:10,2024-09-09 15:12:03
SJ_00157,아름동_범지기601동앞,Y,아름동,세종특별자치시 아름동 1357,127.249758,36.510313,1,45,2018-08-06 21:07:38,2021-04-09 16:40:05
SJ_00158,아름동_다올비즈니스센터앞,Y,아름동,세종특별자치시 아름동 1475,127.2422300,36.511985,1,25,2018-08-06 21:09:30,2024-06-21 12:23:36
SJ_00159,아름동_아카데미타워앞,Y,아름동,세종특별자치시 아름동 1318,127.243538,36.512167,1,25,2018-08-06 21:10:25,2022-02-04 19:02:05
SJ_00160,아름동_싱싱장터2호점앞,Y,아름동,세종특별자치시 아름동 1352,127.247866,36.511608,1,25,2018-08-06 21:11:32,2023-09-23 07:47:27
SJ_00161,아름동_복합커뮤니티센터,Y,아름동,세종특별자치시 아름동 1286,127.247855,36.511842,1,38,2018-08-06 21:12:11,2023-09-23 07:46:55
SJ_00162,아름동_해피라움4앞,Y,아름동,세종특별자치시 아름동 1362,127.249595,36.511492,1,35,2018-08-06 21:13:02,2023-09-23 07:46:32
SJ_00163,아름동_해피라움3앞,Y,아름동,세종특별자치시 아름동 1360,127.248956,36.511523,1,35,2018-08-06 21:14:02,2023-09-23 07:45:57
SJ_00164,아름동_해피라움1앞,Y,아름동,세종특별자치시 아름동 1458,127.248980,36.511775,1,35,2018-08-06 21:15:14,2023-09-23 07:45:27
SJ_00165,아름동_해피라움2앞,Y,아름동,세종특별자치시 아름동 1458,127.249558,36.511749,1,35,2018-08-06 21:15:52,2023-09-23 07:44:58
SJ_00166,아름동_범지기1101동앞,Y,아름동,세종특별자치시   아름동 929,127.252444,36.511400,1,40,2018-08-06 21:16:37,2020-12-22 15:24:41
SJ_00167,아름동_아름고앞,Y,아름동,세종특별자치시 아름동 1322,127.245820,36.513330,1,35,2018-08-06 21:18:38,2020-12-10 10:24:00
SJ_00168,아름동_아름중학교앞,Y,아름동,세종특별자치시 아름동 1321,127.245669,36.514281,1,35,2018-08-06 21:19:08,2020-12-10 10:24:00
SJ_00169,아름동_한국해양교통안전공단,Y,아름동,세종특별자치시 아름동 1305,127.242543,36.514818,1,25,2018-08-06 21:19:48,2020-12-10 10:24:00
SJ_00170,아름동_범지기1202동앞,Y,아름동,세종특별자치시 아름동 1276,127.250458,36.512605,1,30,2018-08-06 21:21:30,2022-01-19 19:16:28
SJ_00171,아름동_아름초등학교앞,Y,아름동,세종특별자치시 아름동 1275,127.250768,36.514231,1,35,2018-08-06 21:22:11,2020-12-10 10:24:00
SJ_00172,아름동_범지기808동앞,Y,아름동,세종특별자치시 아름동 1279,127.250449,36.514286,1,35,2018-08-06 21:23:01,2020-12-10 10:24:00
SJ_00173,아름동_범지기303동앞,Y,아름동,세종특별자치시 아름동 1297,127.245395,36.516106,1,35,2018-08-06 21:23:50,2020-12-10 10:24:00
SJ_00174,아름동_범지기1009동앞,Y,아름동,세종특별자치시 아름동 1458,127.251053,36.515796,1,25,2018-08-06 21:24:26,2021-07-22 14:50:32
SJ_00175,아름동_범지기1012동 건너편,Y,아름동,세종특별자치시 아름동 1242,127.251742,36.516766,1,35,2018-08-06 21:25:13,2020-12-10 10:24:00
SJ_00176,아름동_범지기1020동 건너편,Y,아름동,세종특별자치시 아름동 1169,127.253096,36.519640,1,35,2018-08-06 21:26:15,2020-12-10 10:24:00
SJ_00177,아름동_범지기1023동건너편,Y,아름동,세종특별자치시 아름동 1092,127.249809,36.519458,1,35,2018-08-06 21:26:55,2020-12-10 10:24:00
SJ_00178,도담동_세종충남대병원앞,Y,도담동,세종특별자치시 도담동 910,127.256407,36.518883,1,35,2018-08-07 08:07:17,2020-12-10 10:24:00
SJ_00179,도담동_도램2002동건너편,Y,도담동,세종특별자치시 도담동 581,127.262583,36.518269,1,35,2018-08-07 08:08:10,2020-12-10 10:24:00
SJ_00180,도담동_물댄동산감리교회,Y,도담동,세종특별자치시 도담동 628,127.256521,36.516357,1,25,2018-08-07 08:08:57,2023-05-03 09:01:08
SJ_00181,도담동_해피라움7상가쪽건너편,Y,도담동,세종특별자치시 도담동 679,127.257867,36.516062,1,35,2018-08-07 08:09:53,2020-12-10 10:24:00
SJ_00182,도담동_해피라움7,Y,도담동,세종특별자치시 도담동 920,127.258136,36.515974,1,35,2018-08-07 08:10:47,2020-12-10 10:24:00
SJ_00183,도담동_도램1301동앞,Y,도담동,세종특별자치시 도담동 922,127.261888,36.516176,1,25,2018-08-07 08:11:33,2020-12-10 10:24:00
SJ_00184,도담동_복합커뮤니티센터,Y,도담동,세종특별자치시 도담동 645,127.262210,36.515906,1,35,2018-08-07 08:12:18,2020-12-10 10:24:00
SJ_00185,도담동_도담중학교,Y,도담동,세종특별자치시 도담동 922,127.2630161,36.5159184,1,45,2018-08-07 08:12:48,2023-05-25 20:29:41
SJ_00187,도담동_라온프라이빗 우측,Y,도담동,세종특별자치시 도담동 660,127.258740,36.514673,1,35,2018-08-07 08:14:43,2020-12-20 11:58:55
SJ_00188,도담동_한신휴시티중앙,Y,도담동,세종특별자치시 도담동 661,127.258799,36.514439,1,35,2018-08-07 08:15:29,2020-12-20 11:59:40
SJ_00189,도담동_한신휴시티좌측,Y,도담동,세종특별자치시 도담동 662,127.258868,36.513965,1,35,2018-08-07 08:16:15,2020-12-20 12:00:20
SJ_00190,도담동_싱싱장터앞BRT,Y,도담동,세종특별자치시 도담동 647,127.259256,36.514773,1,20,2018-08-07 08:17:10,2020-12-10 10:24:00
SJ_00191,도담동_도램1105동앞BRT,Y,도담동,세종특별자치시 도담동 402,127.259334,36.514210,1,20,2018-08-07 08:18:02,2020-12-10 10:24:00
SJ_00192,도담동_도램1603동앞,Y,도담동,세종특별자치시 도담동 641,127.265962,36.514743,1,35,2018-08-07 08:19:14,2022-07-22 13:08:57
SJ_00193,도담동_도담고등학교,Y,도담동,세종특별자치시 도담동 642,127.264529,36.513549,1,20,2018-08-07 08:19:56,2021-09-20 13:26:28
SJ_00194,도담동_도램1008동앞,Y,도담동,세종특별자치시 도담동 853,127.2607285,36.5127145,1,35,2018-08-07 08:20:29,2024-08-13 15:04:44
SJ_00195,도담동_도램204동앞,Y,도담동,세종특별자치시 도담동 917,127.255733,36.512183,1,35,2018-08-07 08:21:22,2020-12-10 10:24:00
SJ_00197,도담동_도램1507동건너편,Y,도담동,세종특별자치시 연기면 세종리 산22-6,127.266847,36.512181,1,30,2018-08-07 08:22:48,2024-09-11 14:17:21
SJ_00198,도담동_도램1401동앞,Y,도담동,세종특별자치시 도담동 858,127.264788,36.511118,1,45,2018-08-07 08:23:46,2020-12-10 10:24:00
SJ_00199,도담동_도램901동앞,Y,도담동,세종특별자치시 도담동 855,127.261882,36.510627,1,35,2018-08-07 08:24:27,2020-12-10 10:24:00
SJ_00200,도담동_도램110동앞,Y,도담동,세종특별자치시 도담동 845,127.257618,36.508385,1,35,2018-08-07 08:27:27,2020-12-10 10:24:00
SJ_00201,도담동_도램908동앞,Y,도담동,세종특별자치시 도담동 855,127.264140,36.510086,1,35,2018-08-07 08:28:17,2020-12-10 10:24:00
SJ_00202,도담동_도램1411동앞,Y,도담동,세종특별자치시 도담동 858,127.266978,36.510682,1,35,2018-08-07 08:29:08,2020-12-10 10:24:00
SJ_00203,도담동_양지고등학교,Y,도담동,세종특별자치시 도담동 903,127.267945,36.508601,1,35,2018-08-07 08:30:10,2020-12-10 10:24:00
SJ_00205,어진동_세종중앙타운,Y,어진동,세종특별자치시 어진동 710,127.261898,36.508407,1,30,2018-08-07 08:32:57,2020-12-10 10:24:00
SJ_00206,어진동_스타벅스,Y,어진동,세종특별자치시 어진동 605,127.270002,36.504864,1,30,2018-08-07 08:35:04,2020-12-11 12:04:31
SJ_00207,세종동_국무조정실건너편,Y,세종동,세종특별자치시 세종동 1201,127.2720594,36.5025447,s,35,2018-08-07 08:35:56,2024-10-13 08:39:00
SJ_00208,어진동_정부청사관리본부(3동),Y,어진동,세종특별자치시 어진동 556,127.267186,36.504732,1,55,2018-08-07 08:36:54,2023-06-29 21:16:35
SJ_00209,어진동_국토교통부정문,Y,어진동,세종특별자치시 어진동 717,127.262010,36.504531,1,55,2018-08-07 08:37:57,2020-12-10 10:24:00
SJ_00210,어진동_복합커뮤니티센터,Y,어진동,세종특별자치시 어진동 518,127.256725,36.501596,1,45,2018-08-07 08:38:44,2022-09-14 10:21:36
SJ_00211,어진동_고용노동부BRT,Y,어진동,세종특별자치시 어진동 581,127.260127,36.501459,1,35,2018-08-07 08:39:20,2020-12-10 10:24:00
SJ_00212,어진동_호수공원수변공원,Y,어진동,세종특별자치시 어진동 638,127.269599,36.499517,1,35,2018-08-07 08:39:59,2024-10-13 08:41:24
SJ_00213,어진동_문화체육관광부 버스정류장,Y,어진동,세종특별자치시 어진동 650,127.2644484,36.4980964,1,30,2018-08-07 08:40:43,2023-07-12 07:23:44
SJ_00214,세종동_호수공원매화공연장,Y,세종동,세종특별자치시 세종동 1201,127.269458,36.497987,s,35,2018-08-07 08:41:46,2024-10-13 08:39:13
SJ_00215,어진동_LH세종특별본부,Y,어진동,세종특별자치시 어진동 658,127.266200,36.495258,1,35,2018-08-07 08:42:46,2024-05-05 16:33:01
SJ_00216,세종동_행복도시세종홍보관,Y,세종동,세종특별자치시 세종동 551-6,127.2700741,36.489532,s,25,2018-08-07 08:43:40,2024-10-13 21:56:11
SJ_00217,다정동_가온124동앞,Y,다정동,세종특별자치시 다정동 363-433,127.2448392,36.4897114,2,25,2018-08-07 14:55:16,2024-06-10 09:43:24
SJ_00218,다정동_가온104동앞,Y,다정동,세종특별자치시 다정동 38-28,127.246134,36.491607,2,25,2018-08-07 14:55:58,2024-06-13 15:56:57
SJ_00219,다정동_가온117동앞,Y,다정동,세종특별자치시 다정동 22-8,127.243938,36.493015,2,35,2018-08-07 14:56:42,2020-12-10 10:24:00
SJ_00220,다정동_가온511동앞,Y,다정동,세종특별자치시 다정동 323-7,127.244934,36.494836,2,25,2018-08-10 14:25:26,2024-06-25 11:00:34
SJ_00221,보람동_호려울1006동앞,Y,보람동,세종특별자치시 보람동 616-3,127.294162,36.483599,3,35,2018-08-10 16:10:17,2020-12-10 10:24:00
SJ_00222,보람동_호려울1004동앞,Y,보람동,세종특별자치시 보람동 650-1,127.293302,36.482616,3,35,2018-08-10 16:13:21,2020-12-10 10:24:00
SJ_00224,대평동_BRT,Y,대평동,세종특별자치시 대평동 65-12,127.275964,36.472159,3,25,2018-08-10 16:36:43,2020-12-10 10:24:00
SJ_00225,대평동_시외버스터미널BRT,Y,대평동,세종특별자치시 대평동 643,127.273169,36.470940,3,35,2018-08-10 17:08:49,2020-12-10 10:24:00
SJ_00226,보람동_호려울101동앞,Y,보람동,세종특별자치시 보람동 664-102,127.285866,36.475092,3,35,2018-08-11 09:25:00,2020-12-10 10:24:00
SJ_00227,보람동_호려울401동앞,Y,보람동,세종특별자치시 보람동 796,127.2893659,36.4766332,3,30,2018-08-11 09:27:20,2024-04-01 21:14:48
SJ_00228,보람동_호려울501동앞,Y,보람동,세종특별자치시 보람동 629-6,127.290610,36.477142,3,20,2018-08-11 09:29:34,2021-06-22 17:58:12
SJ_00229,보람동_호려울604동앞,Y,보람동,세종특별자치시 보람동 795,127.294911,36.4785167,3,20,2018-08-11 09:35:29,2024-07-01 21:46:14
SJ_00230,보람동_호려울902동앞,Y,보람동,세종특별자치시 보람동 634-8,127.2955472,36.4794932,3,35,2018-08-11 09:37:59,2023-10-18 15:01:13
SJ_00232,소담동_새샘203동앞,Y,소담동,세종특별자치시 소담동 32-103,127.299023,36.480826,3,55,2018-08-11 09:47:31,2020-12-10 10:24:00
SJ_00233,소담동_지엘플렉스1(입구)2,Y,소담동,세종특별자치시 소담동 582,127.301747,36.485021,3,35,2018-08-11 09:49:39,2024-04-06 10:15:37
SJ_00234,소담동_새샘907동앞,Y,소담동,세종특별자치시 소담동 286-7,127.2995714,36.4887654,3,35,2018-08-11 09:51:56,2023-05-29 15:37:56
SJ_00235,다정동_가온302동앞,Y,다정동,세종특별자치시 다정동 산29,127.241700,36.496172,2,35,2018-08-11 09:59:42,2020-12-10 10:24:00
SJ_00236,다정동_가온325동옆 로터리,Y,다정동,세종특별자치시 다정동 307,127.244723,36.496255,2,35,2018-08-11 10:02:44,2021-12-27 18:49:57
SJ_00237,다정동_가온610동옆,Y,다정동,세종특별자치시 다정동 산 26,127.244926,36.497532,2,40,2018-08-11 10:04:20,2020-12-10 10:24:00
SJ_00238,다정동_가온201동앞,Y,다정동,세종특별자치시 다정동 산28,127.243222,36.496011,2,35,2018-08-11 10:05:35,2020-12-10 10:24:00
SJ_00239,다정동_가온510동앞 공원,Y,다정동,세종특별자치시 다정동 38,127.246459,36.494778,2,35,2018-08-11 10:07:06,2021-08-04 12:10:21
SJ_00240,다정동_가온616동앞,Y,다정동,세종특별자치시 다정동 4-3,127.248791,36.496976,2,20,2018-08-11 10:08:19,2020-12-10 10:24:00
SJ_00241,다정동_가온801동앞,Y,다정동,세종특별자치시 다정동 17,127.250118,36.495699,2,40,2018-08-11 10:09:46,2020-12-10 10:24:00
SJ_00242,다정동_가온1201동앞,Y,다정동,세종특별자치시 다정동 363-77,127.255052,36.492640,2,30,2018-08-11 10:12:44,2020-12-10 10:24:00
SJ_00243,다정동_가온1001동앞,Y,다정동,세종특별자치시 다정동 363-72,127.254081,36.492507,2,25,2018-08-11 10:14:48,2021-10-12 08:24:51
SJ_00244,나성동_포레뷰앞BRT,Y,나성동,세종특별자치시 나성동 736,127.256191,36.490722,2,35,2018-08-11 10:21:12,2020-12-10 10:24:00
SJ_00245,다정동_다정센타프라자앞,Y,다정동,세종특별자치시 다정동 981,127.248722,36.495532,2,30,2018-08-11 10:23:18,2024-04-26 16:29:27
SJ_00246,다정동_리치타워앞,Y,다정동,세종특별자치시 다정동 363-183,127.249401,36.493768,2,35,2018-08-11 10:26:13,2020-12-10 10:24:00
SJ_00247,보람동_호려울805동앞,Y,보람동,세종특별자치시 보람동 633-10,127.295283,36.478607,3,35,2018-08-11 10:47:56,2020-12-10 10:24:00
SJ_00248,한솔동_첫마을6단지 상가옆,Y,한솔동,세종특별자치시 한솔동 1237,127.254865,36.474746,2,35,2018-08-11 11:02:00,2020-12-10 10:24:00
SJ_00249,한솔동_첫마을6단지 정류장,Y,한솔동,세종특별자치시 한솔동 1229,127.2530918,36.4750764,2,50,2018-08-11 11:09:38,2023-04-06 19:30:08
SJ_00250,소담동_새샘215동앞BRT,Y,소담동,세종특별자치시 소담동 333-32,127.297462,36.482212,3,35,2018-08-11 11:40:27,2020-12-10 10:24:00
SJ_00251,소담동_새샘216동앞BRT,Y,소담동,세종특별자치시 소담동 32-123,127.298353,36.482894,3,35,2018-08-11 11:46:19,2020-12-10 10:24:00
SJ_00252,소담동_새샘309동앞BRT,Y,소담동,세종특별자치시 소담동 333-18,127.297137,36.482649,3,35,2018-08-11 11:56:09,2020-12-10 10:24:00
SJ_00253,나성동_LH분양홍보관건너편2,Y,나성동,세종특별자치시 나성동 59-4,127.269095,36.481223,1,35,2018-08-11 12:17:54,2020-12-10 10:24:00
SJ_00254,나성동_LH분양홍보관건너편1,Y,나성동,세종특별자치시 나성동 182-5,127.268610,36.482087,1,35,2018-08-11 12:18:37,2020-12-10 10:24:00
SJ_00255,나성동_LH분양홍보관,Y,나성동,세종특별자치시 나성동 97-2,127.268625,36.481510,2,35,2018-08-11 12:19:23,2020-12-10 10:24:00
SJ_00256,나성동_세종예술의전당 앞,Y,나성동,세종특별자치시 나성동 246-1,127.266194,36.485519,1,35,2018-08-11 12:20:30,2022-12-08 18:10:11
SJ_00257,나성동_나릿재202동건너편,Y,나성동,세종특별자치시 나성동 696-4,127.2650473,36.4864148,1,35,2018-08-11 12:21:03,2023-11-03 14:46:25
SJ_00258,나성동_나릿재202동앞,Y,나성동,세종특별자치시 나성동 684-11,127.265018,36.487162,1,20,2018-08-11 12:21:53,2021-06-10 16:58:41
SJ_00261,어진동_지방자치회관건너편,Y,어진동,세종특별자치시 어진동 671,127.262704,36.495181,1,25,2018-08-11 12:24:48,2024-06-18 16:58:02
SJ_00262,소담동_새샘803동앞BRT1,Y,소담동,세종특별자치시 소담동 332-4,127.301409,36.487204,3,35,2018-08-11 12:27:43,2022-02-10 07:51:06
SJ_00263,소담동_새샘803동건너편BRT2,Y,소담동,세종특별자치시 소담동 332-4,127.302012,36.487034,3,35,2018-08-11 12:32:20,2021-08-11 12:46:01
SJ_00264,소담동_새샘803동건너편BRT3,Y,소담동,세종특별자치시 소담동 119,127.302129,36.487293,3,35,2018-08-11 12:33:30,2021-08-11 12:46:15
SJ_00265,반곡동_국토연구원앞,Y,반곡동,세종특별자치시 반곡동 771-124,127.300010,36.491935,3,35,2018-08-11 12:38:43,2020-12-10 10:24:00
SJ_00266,반곡동_국책연구단지뒤 BRT1(시청방향),Y,반곡동,세종특별자치시 반곡동 산56,127.304452,36.492532,3,35,2018-08-11 12:45:46,2022-12-27 15:19:20
SJ_00267,반곡동_국책연구단지뒤 BRT2(시청방향),Y,반곡동,세종특별자치시 반곡동 771-84,127.304180,36.492171,3,35,2018-08-11 12:47:29,2022-12-27 15:19:48
SJ_00268,반곡동_국책연구단지남측 BRT1(집현동방향),Y,반곡동,세종특별자치시 반곡동 831,127.3041553,36.4912142,4,35,2018-08-11 12:56:39,2024-03-13 10:48:29
SJ_00269,반곡동_국책연구단지남측 BRT2(집현동방향),Y,반곡동,세종특별자치시 반곡동 771-62,127.303937,36.490897,4,35,2018-08-11 12:58:53,2022-12-27 15:20:22
SJ_00270,나성동_한국정책방송원건너편,Y,나성동,세종특별자치시 나성동 787,127.262000,36.483099,2,35,2018-08-11 13:27:34,2020-12-10 10:24:00
SJ_00271,나성동_한국정책방송원동문건너편,Y,나성동,세종특별자치시 나성동 465,127.2622626,36.4845414,2,35,2018-08-11 13:30:37,2023-05-29 15:20:57
SJ_00272,나성동_메가타워1건너편,Y,나성동,세종특별자치시 나성동 804,127.258088,36.489306,2,25,2018-08-11 13:35:20,2023-09-14 14:23:37
SJ_00273,나성동_현대자동차 앞,Y,나성동,세종특별자치시 나성동 761,127.256961,36.490977,2,35,2018-08-11 13:38:44,2020-07-13 13:58:46
SJ_00274,나성동_나릿재5단지 버스정류장,Y,나성동,세종특별자치시 나성동 801,127.2581797,36.4914033,2,20,2018-08-11 13:43:21,2023-08-01 10:31:02
SJ_00275,어진동_세종파이낸스3차앞,Y,어진동,세종특별자치시 어진동 666,127.259943,36.497628,1,35,2018-08-11 13:48:11,2020-12-10 10:24:00
SJ_00276,어진동_세종파이낸스3차 건너편,Y,어진동,세종특별자치시 어진동 747,127.260151,36.497901,1,35,2018-08-11 13:48:53,2020-12-10 10:24:00
SJ_00277,어진동_엘큐브리빙앞,Y,어진동,세종특별자치시 어진동 669,127.262751,36.496759,1,40,2018-08-11 13:54:49,2020-12-10 10:24:00
SJ_00278,어진동_푸르지오시티앞,Y,어진동,세종특별자치시 어진동 748,127.2634975,36.4960608,1,40,2018-08-11 13:58:53,2024-07-20 17:40:25
SJ_00279,어진동_세종비지니스센터빌딩 건너편,Y,어진동,세종특별자치시 어진동 747,127.265634,36.496111,1,25,2018-08-11 14:23:13,2022-11-30 06:53:42
SJ_00280,보람동_세종시청 동편,Y,보람동,세종특별자치시 보람동 718,127.289957,36.480167,3,45,2019-10-18 15:35:49,2021-07-07 09:52:26
SJ_00281,어진동_문화체육관광부(15동-3),Y,어진동,세종특별자치시 어진동 650,127.2655685,36.4983376,1,25,2018-08-11 14:35:29,2024-06-18 21:46:25
SJ_00282,어진동_교육부(14동-1),Y,어진동,세종특별자치시 어진동 579,127.264713,36.499512,1,25,2018-08-11 14:45:26,2024-04-26 09:00:25
SJ_00283,어진동_보건복지부(10동-1),Y,어진동,세종특별자치시 어진동 721,127.262309,36.501980,1,45,2018-08-11 14:51:35,2023-06-29 21:45:22
SJ_00286,어진동_정부세종청사 중앙동 건너편 정류장,Y,어진동,세종특별자치시 어진동 629,127.2660004,36.5014588,1,20,2018-08-11 15:02:28,2023-06-29 21:13:02
SJ_00287,어진동_국토교통부 북문,Y,어진동,세종특별자치시 어진동 560,127.263429,36.506202,1,45,2018-08-11 15:09:30,2023-06-29 20:51:20
SJ_00288,어진동_공정거래위원회(2동-2),Y,어진동,세종특별자치시 어진동 713,127.2674638,36.5045194,1,36,2018-08-11 15:13:50,2023-06-29 21:15:49
SJ_00289,어진동_세종대성고등학교,Y,어진동,세종특별자치시 어진동 680,127.2560059,36.4969742,1,25,2018-08-11 15:38:07,2024-05-27 10:16:03
SJ_00290,어진동_홈플러스건너편,Y,도담동,세종특별자치시 도담동 843,127.258432,36.508184,1,35,2018-08-11 15:46:31,2021-06-30 17:43:36
SJ_00291,도담동_늘봄초등학교,Y,도담동,세종특별자치시 도담동 688,127.255454,36.513898,1,45,2018-08-11 15:54:32,2020-12-10 10:24:00
SJ_00292,도담동_도램2004동건너편,Y,도담동,세종특별자치시 연기면 세종리 산407,127.264262,36.519649,1,35,2018-08-11 16:36:38,2020-12-10 17:46:17
SJ_00293,세종동_원수산MTB공원,Y,세종동,세종특별자치시 세종동 659-30,127.267301,36.522272,1,35,2018-08-11 16:41:23,2024-02-20 10:42:32
SJ_00294,도담동_도램1901동앞,Y,도담동,세종특별자치시 도담동 638,127.266065,36.515344,1,35,2018-08-11 16:59:28,2020-12-10 10:24:00
SJ_00295,어진동_한뜰302동앞,Y,어진동,세종특별자치시 어진동 710,127.2734994,36.505745,1,40,2018-08-11 17:25:52,2023-05-25 20:32:07
SJ_00296,어진동_세종소방서옆,Y,어진동,세종특별자치시 어진동 710,127.2743611,36.5058162,1,35,2018-08-11 17:27:59,2023-05-25 20:33:18
SJ_00297,반곡동_국책연구단지,Y,반곡동,세종특별자치시 반곡동 735,127.304042,36.496106,3,40,2018-08-11 17:35:45,2020-12-10 10:24:00
SJ_00298,새롬동_새뜸101동옆,Y,새롬동,세종특별자치시 새롬동 산83,127.250021,36.482426,2,35,2018-08-12 10:55:17,2020-12-10 10:24:00
SJ_00299,나성동_스타벅스행복타워BRT,Y,나성동,세종특별자치시 나성동 726,127.262081,36.480312,2,35,2018-08-12 10:57:56,2020-12-10 10:24:00
SJ_00300,나성동_스타벅스행복타워건너편BRT,Y,나성동,세종특별자치시 나성동 538-10,127.262678,36.480336,2,35,2018-08-12 10:58:53,2020-12-10 10:24:00
SJ_00301,나성동_한솔동환승주차장A BRT,Y,나성동,세종특별자치시 나성동 726,127.261558,36.481014,2,35,2018-08-12 11:04:53,2020-12-10 10:24:00
SJ_00302,나성동_한솔동환승주차장B BRT,Y,나성동,세종특별자치시 나성동 778,127.261860,36.481461,2,35,2018-08-12 11:05:54,2020-12-10 10:24:00
SJ_00303,새롬동_새뜸901동 건너편,Y,새롬동,세종특별자치시 새롬동 산75,127.255669,36.485127,2,45,2018-08-12 11:10:25,2020-12-10 10:24:00
SJ_00304,나성동_에스제이타워앞BRT,Y,나성동,세종특별자치시 나성동 726,127.257635,36.486579,2,35,2018-08-12 11:13:35,2020-12-10 10:24:00
SJ_00305,새롬동_새뜸901동옆,Y,새롬동,세종특별자치시 새롬동 341-82,127.255562,36.484743,2,45,2018-08-12 11:13:52,2020-12-10 10:24:00
SJ_00306,새롬동_새뜸803동사이,Y,새롬동,세종특별자치시 새롬동 산75,127.254928,36.484807,2,35,2018-08-12 11:16:50,2020-12-10 10:24:00
SJ_00307,새롬동_새뜸803동 건너편,Y,새롬동,세종특별자치시 새롬동 산75,127.254970,36.484967,2,35,2018-08-12 11:18:15,2020-12-10 10:24:00
SJ_00308,나성동_에스빌딩공원,Y,나성동,세종특별자치시 나성동 744,127.256992,36.487081,2,35,2018-08-12 11:19:05,2020-12-10 10:24:00
SJ_00309,새롬동_새뜸1203동옆,Y,새롬동,세종특별자치시 새롬동 74-24,127.256726,36.484572,2,35,2018-08-12 11:23:46,2020-12-10 10:24:00
SJ_00310,나성동_명동프라자앞BRT,Y,나성동,세종특별자치시 나성동 743,127.256948,36.487992,2,35,2018-08-12 11:25:21,2020-12-10 10:24:00
SJ_00311,새롬동_성요한성당옆,Y,새롬동,세종특별자치시 새롬동 산8,127.255243,36.486866,2,35,2018-08-12 11:47:02,2020-12-10 10:24:00
SJ_00312,새롬동_새뜸1401동앞,Y,새롬동,세종특별자치시 새롬동 137,127.2554721,36.4890921,2,30,2018-08-12 11:51:06,2024-06-10 18:10:26
SJ_00313,나성동_새뜸1404동앞,Y,나성동,세종특별자치시 나성동 735,127.255995,36.490854,2,35,2018-08-12 11:53:39,2020-12-10 10:24:00
SJ_00314,새롬동_새뜸1108동앞,Y,새롬동,세종특별자치시 새롬동 산3,127.253609,36.488251,2,35,2018-08-12 11:55:38,2020-12-10 10:24:00
SJ_00315,새롬동_새뜸1108동옆,Y,새롬동,세종특별자치시 새롬동 산9,127.253168,36.488107,2,35,2018-08-12 11:58:18,2020-12-10 10:24:00
SJ_00316,나성동_다정동 BRT1(새롬동방향),Y,나성동,세종특별자치시 나성동 726,127.2560913,36.4935668,2,35,2018-08-12 12:02:01,2023-06-29 21:29:10
SJ_00317,새롬동_새뜸1004 건너편,Y,새롬동,세종특별자치시 새롬동 산18,127.252734,36.487647,2,35,2018-08-12 12:02:15,2020-12-10 10:24:00
SJ_00318,나성동_다정동 BRT2(새롬동방향),Y,나성동,세종특별자치시 나성동 726,127.2561312,36.4940721,2,35,2018-08-12 12:03:31,2023-06-29 21:27:49
SJ_00319,새롬동_무지개타워앞,Y,새롬동,세종특별자치시 새롬동 341-73,127.2511787,36.484813,2,35,2018-08-12 12:06:11,2023-05-25 20:41:10
SJ_00320,어진동_정부세종청사남측 BRT(다정동방향),Y,어진동,세종특별자치시 어진동 494,127.259364,36.500987,2,45,2018-08-12 12:09:16,2023-06-29 21:24:18
SJ_00321,어진동_정부세종청사BRT환승센터 ,Y,어진동,세종특별자치시 어진동 536,127.259677,36.501739,2,40,2018-08-12 12:11:02,2023-06-29 21:03:59
SJ_00322,어진동_청사시외버스정류장건너편BRT1,Y,어진동,세종특별자치시 어진동 535,127.260769,36.503985,2,35,2018-08-12 12:13:40,2020-12-10 10:24:00
SJ_00323,어진동_청사시외버스정류장건너편BRT2,Y,어진동,세종특별자치시 어진동 534,127.260933,36.504349,2,35,2018-08-12 12:15:45,2020-12-10 10:24:00
SJ_00324,어진동_건설청건너편BRT1,Y,어진동,세종특별자치시 어진동 533,127.261263,36.505084,2,35,2018-08-12 12:17:30,2020-12-10 10:24:00
SJ_00325,어진동_건설청건너편BRT2,Y,어진동,세종특별자치시 어진동 533,127.261377,36.505350,2,35,2018-08-12 12:19:03,2020-12-10 10:24:00
SJ_00326,어진동_세종포스트 빌딩 옆 BRT,Y,어진동,세종특별자치시 어진동 532-1,127.261554,36.507543,2,35,2018-08-12 12:21:13,2024-07-17 10:30:18
SJ_00327,도담동_도램803동앞BRT,Y,도담동,세종특별자치시 도담동 848,127.259691,36.511538,1,35,2018-08-12 12:26:29,2020-12-10 10:24:00
SJ_00328,새롬동_크리스마스빌딩앞,Y,새롬동,세종특별자치시 새롬동 341-76,127.252138,36.484322,2,35,2018-08-12 12:30:30,2020-12-10 10:24:00
SJ_00329,도담동_한신휴시티우측,Y,도담동,세종특별자치시 도담동 662,127.258871,36.514066,1,40,2018-08-12 12:31:45,2022-03-18 10:32:05
SJ_00330,도담동_도램상가앞BRT2,Y,도담동,세종특별자치시 도담동 660,127.258780,36.514595,1,35,2018-08-12 12:33:21,2020-12-10 10:24:00
SJ_00331,새롬동_새롬고북측,Y,새롬동,세종특별자치시 새롬동 산31,127.248985,36.486916,2,35,2018-08-12 12:42:29,2020-12-10 10:24:00
SJ_00332,다정동_가온214동,Y,다정동,세종특별자치시 다정동 산33-2,127.240966,36.493701,2,35,2018-08-12 13:09:41,2020-12-10 10:24:00
SJ_00333,다정동_가온210동앞 공원,Y,다정동,세종특별자치시 다정동 342,127.242918,36.494065,2,35,2018-08-12 13:11:41,2021-08-04 12:09:19
SJ_00334,다정동_별찌뜰근린공원,Y,다정동,세종특별자치시 다정동 385-1,127.239875,36.499373,2,35,2018-08-12 14:01:37,2020-12-10 10:24:00
SJ_00335,도담동_도램1002동앞BRT,Y,도담동,세종특별자치시 도담동 402,127.260075,36.511757,1,35,2018-08-12 14:09:49,2020-12-10 10:24:00
SJ_00336,어진동_건설청앞BRT,Y,어진동,세종특별자치시 어진동 560,127.261902,36.505376,1,35,2018-08-12 14:19:12,2020-12-10 10:24:00
SJ_00337,다정동_가온901옆,Y,다정동,세종특별자치시 다정동 14-1,127.251968,36.495781,2,35,2018-08-12 14:24:11,2020-12-10 10:24:00
SJ_00338,어진동_정부세종청사안내동앞BRT,Y,어진동,세종특별자치시 어진동 494,127.261713,36.504864,1,35,2018-08-12 14:20:47,2020-12-10 10:24:00
SJ_00339,어진동_정부세종청사버스터미널BRT1,Y,어진동,세종특별자치시 어진동 561-1,127.261445,36.504057,1,35,2018-08-12 14:24:10,2020-12-10 10:24:00
SJ_00340,어진동_정부세종청사버스터미널BRT2,Y,어진동,세종특별자치시 어진동 562,127.261286,36.503896,1,35,2018-08-12 14:25:29,2020-12-10 10:24:00
SJ_00341,어진동_산자부앞BRT,Y,어진동,세종특별자치시 어진동 494,127.259844,36.500817,1,35,2018-08-12 14:31:02,2020-12-10 10:24:00
SJ_00342,나성동_도시통합정보센터앞BRT1,Y,나성동,세종특별자치시 나성동 726,127.256616,36.494054,1,35,2018-08-12 14:39:04,2020-12-10 10:24:00
SJ_00343,나성동_도시통합정보센터앞BRT2,Y,나성동,세종특별자치시 나성동 726,127.256564,36.493558,1,35,2018-08-12 14:40:26,2020-12-10 10:24:00
SJ_00344,다정동_가온803동남측,Y,다정동,세종특별자치시 다정동 17,127.249746,36.494938,2,35,2018-08-12 14:41:15,2020-12-10 10:24:00
SJ_00345,다정동_가온806동 새움초등학교 사이,Y,다정동,세종특별자치시 다정동 363-119,127.251881,36.494407,2,20,2018-08-12 14:43:53,2021-12-27 18:54:58
SJ_00346,다정동_가온1210동앞 공원,Y,다정동,세종특별자치시 다정동 363-139,127.252272,36.494374,2,35,2018-08-12 14:46:00,2020-12-10 10:24:00
SJ_00347,나성동_엘지베스트샵,Y,나성동,세종특별자치시 나성동 760,127.256943,36.491374,2,35,2018-08-12 14:51:07,2020-12-10 10:24:00
SJ_00348,다정동_가온707동,Y,다정동,세종특별자치시 다정동 363-37,127.251984,36.490853,2,35,2018-08-12 14:56:55,2021-08-04 09:07:11
SJ_00349,다정동_새뜸1010옆,Y,다정동,세종특별자치시 다정동 363-409,127.252334,36.490511,2,35,2018-08-12 15:03:12,2020-12-10 10:24:00
SJ_00350,나성동_명동프라자건너편BRT,Y,나성동,세종특별자치시 나성동 726,127.257360,36.488186,2,35,2018-08-12 15:03:39,2020-12-10 10:24:00
SJ_00351,종촌동_가재1101동앞,Y,종촌동,세종특별자치시 종촌동 654,127.251715,36.504355,1,50,2018-08-12 15:05:59,2021-05-24 09:45:38
SJ_00352,나성동_명동프라자건너편BRT,Y,나성동,세종특별자치시 나성동 726,127.257568,36.487754,2,35,2018-08-12 15:06:14,2020-12-10 10:24:00
SJ_00353,나성동_에스빌딩건너편BRT,Y,나성동,세종특별자치시 나성동 377-2,127.257860,36.487143,2,35,2018-08-12 15:10:06,2020-12-10 10:24:00
SJ_00354,나성동_에스제이타워건너편BRT,Y,나성동,세종특별자치시 나성동 726,127.258087,36.486723,2,35,2018-08-12 15:11:51,2020-12-10 10:24:00
SJ_00355,종촌동_복합커뮤니티센터,Y,종촌동,세종특별자치시 종촌동 677,127.247303,36.504762,1,45,2018-08-12 15:14:47,2020-12-10 10:24:00
SJ_00356,나성동_국세청앞BRT,Y,나성동,세종특별자치시 나성동 726,127.259548,36.484589,2,25,2018-08-12 15:15:04,2023-05-29 15:18:54
SJ_00357,나성동_소방청BRT1,Y,나성동,세종특별자치시 나성동 772,127.260630,36.483176,2,35,2018-08-12 15:17:23,2021-12-27 18:12:26
SJ_00358,나성동_소방청 BRT2,Y,나성동,세종특별자치시 나성동 772,127.260765,36.482946,2,35,2018-08-12 15:19:02,2021-12-27 18:13:18
SJ_00359,나성동_한솔동환승주차장남측B,Y,나성동,세종특별자치시 나성동 778,127.262017,36.481211,2,35,2018-08-12 15:22:41,2020-12-10 10:24:00
SJ_00360,종촌동_가재403동앞,Y,종촌동,세종특별자치시 종촌동 640,127.244231,36.505287,1,25,2018-08-12 15:24:05,2020-12-10 10:24:00
SJ_00361,나성동_금강프라자건너편BRT,Y,나성동,세종특별자치시 나성동 143-1,127.262975,36.479914,2,35,2018-08-12 15:25:38,2020-12-10 10:24:00
SJ_00362,나성동_LH분양홍보관(남쪽),Y,나성동,세종특별자치시 나성동 706,127.268290,36.480811,2,35,2018-08-12 15:31:19,2020-12-10 10:24:00
SJ_00363,종촌동_가재302동앞,Y,종촌동,세종특별자치시 종촌동 680,127.241438,36.504368,1,35,2018-08-12 15:33:20,2020-12-10 10:24:00
SJ_00364,나성동_나성동갈매로,Y,나성동,세종특별자치시 나성동 213-2,127.266287,36.484868,2,35,2018-08-12 15:36:17,2020-12-10 10:24:00
SJ_00367,아름동_범지기408동건너편,Y,아름동,세종특별자치시 아름동 1458,127.2500061,36.5085051,1,35,2018-08-12 15:43:04,2024-09-09 15:11:08
SJ_00368,어진동_푸르지오시티1차1,Y,어진동,세종특별자치시 어진동 750,127.263408,36.495654,1,35,2018-08-12 15:48:38,2022-06-24 08:00:20
SJ_00369,어진동_푸르지오시티1차2,Y,어진동,세종특별자치시 어진동 750,127.263804,36.495494,1,20,2018-08-12 15:49:49,2020-12-10 10:24:00
SJ_00370,아름동_범지기1108동앞,Y,아름동,세종특별자치시 아름동 1363,127.250539,36.511454,1,40,2018-08-12 15:53:57,2020-12-10 10:24:00
SJ_00371,도담동_범지기1208동앞 ,Y,도담동,세종특별자치시 도담동 929,127.253183,36.511586,1,35,2018-08-12 15:59:00,2020-12-10 10:24:00
SJ_00372,세종동_호수공원방울새공원건너편,Y,세종동,세종특별자치시 세종동 1201,127.269628,36.496308,s,35,2018-08-12 16:00:59,2024-10-13 08:39:26
SJ_00373,아름동_범지기1203동앞,Y,아름동,세종특별자치시 아름동 1276,127.250465,36.512819,1,25,2018-08-12 16:08:30,2021-11-29 08:53:15
SJ_00375,어진동_호수공원소나무숲길,Y,어진동,세종특별자치시 어진동 619,127.2697315,36.499937,1,25,2018-08-12 16:14:11,2024-10-13 08:41:05
SJ_00376,아름동_범지기806동앞,Y,아름동,세종특별자치시 아름동 1458,127.250704,36.514970,1,35,2018-08-12 16:14:38,2020-12-10 10:24:00
SJ_00377,어진동_대통령기록관건너편1,Y,어진동,세종특별자치시 어진동 620,127.272031,36.501221,1,40,2018-08-12 16:15:18,2024-10-13 08:40:24
SJ_00378,어진동_대통령기록관건너편2,Y,어진동,세종특별자치시 어진동 734,127.272229,36.501324,1,35,2018-08-12 16:16:37,2024-10-13 08:40:41
SJ_00379,어진동_대통령기록관건너편3,Y,어진동,세종특별자치시 어진동 734,127.272159,36.501506,1,35,2018-08-12 16:17:28,2024-10-13 08:40:51
SJ_00380,세종동_호수공원중앙수목원로,Y,세종동,세종특별자치시 세종동 1201,127.2769607,36.5022281,s,35,2018-08-12 16:21:06,2024-10-13 08:38:49
SJ_00381,어진동_홈플러스건너편스포츠센터옆,Y,어진동,세종특별자치시 어진동 688,127.257419,36.507592,1,35,2018-08-12 18:22:51,2020-12-10 10:24:00
SJ_00382,다정동_당암육교건너편,Y,다정동,세종특별자치시 다정동 565,127.232544,36.499407,1,35,2018-09-07 14:26:34,2020-12-10 10:24:00
SJ_00384,대평동_코스트코입구건너편,Y,대평동,세종특별자치시 대평동 584-11,127.268355,36.468184,3,35,2019-01-07 14:28:58,2022-06-14 07:52:27
SJ_00385,나성동_국세청앞 BRT,Y,나성동,세종특별자치시 나성동 770,127.2593506,36.4848189,2,25,2019-01-30 13:59:39,2023-05-29 15:17:06
SJ_00386,나성동_국세청앞,Y,나성동,세종특별자치시 나성동 770,127.259082,36.4851219,2,25,2019-01-30 14:02:41,2023-05-29 15:16:35
SJ_00387,나성동_세종SJ타워앞,Y,나성동,세종특별자치시 나성동 746,127.257664,36.486458,2,25,2019-01-30 14:05:46,2020-12-10 10:24:00
SJ_00388,나성동_에스빌딩앞,Y,나성동,세종특별자치시 나성동 745,127.257465,36.486861,2,25,2019-01-30 14:07:26,2020-12-10 10:24:00
SJ_00389,나성동_BRT앞,Y,나성동,세종특별자치시 나성동 744,127.257111,36.487465,2,25,2019-01-30 14:09:47,2020-12-10 10:24:00
SJ_00390,나성동_행복의아침 빌딩,Y,나성동,세종특별자치시 나성동 726,127.256734,36.490240,2,45,2019-01-30 14:13:31,2020-12-10 10:24:00
SJ_00391,어진동_세종뱅크빌딩,Y,어진동,세종특별자치시 어진동 495,127.256886,36.495246,2,25,2019-01-30 14:16:45,2023-05-25 16:18:29
SJ_00392,어진동_세종뱅크빌딩2,Y,어진동,세종특별자치시 어진동 686,127.257046,36.495686,2,25,2019-01-30 14:18:19,2024-05-28 14:54:29
SJ_00393,나성동_다정교,Y,나성동,세종특별자치시 나성동 726,127.2563306,36.4945267,2,35,2019-01-30 14:20:04,2024-01-05 18:54:25
SJ_00394,어진동_세종뱅크빌딩 건너편,Y,어진동,세종특별자치시 어진동 681,127.256610,36.496023,1,35,2019-01-30 14:21:29,2021-11-16 09:00:48
SJ_00395,도담동_도램1107동앞,Y,도담동,세종특별자치시 도담동 653,127.259576,36.513555,1,37,2019-01-30 14:27:01,2022-08-21 09:38:18
SJ_00396,종촌동_호만빌딩앞,Y,종촌동,세종특별자치시 종촌동 658,127.249799,36.504512,1,35,2019-01-30 14:43:10,2020-12-10 10:24:00
SJ_00397,종촌동_공영주차장,Y,종촌동,세종특별자치시 종촌동 664,127.249936,36.503709,1,35,2019-01-30 14:44:25,2024-05-21 15:24:08
SJ_00398,종촌동_리버사이드빌딩앞,Y,종촌동,세종특별자치시 종촌동 701,127.250160,36.502959,1,30,2019-01-30 14:45:44,2021-06-10 09:01:30
SJ_00399,종촌동_가재 호반201동입구,Y,종촌동,세종특별자치시 종촌동 683,127.244891,36.503130,1,35,2019-01-30 14:49:08,2020-12-10 10:24:00
SJ_00400,어진동_푸르지오시티2차,Y,어진동,세종특별자치시 어진동 747,127.266949,36.494919,1,55,2019-07-09 17:13:16,2024-05-05 16:32:45
SJ_00401,새롬동_세움빌딩후면,Y,새롬동,세종특별자치시 새롬동 산75,127.250585,36.484933,2,25,2019-01-30 15:17:34,2020-12-10 10:24:00
SJ_00402,새롬동_새롬빌딩,Y,새롬동,세종특별자치시 새롬동 산 26,127.250099,36.485967,1,45,2019-01-30 15:21:56,2020-12-10 10:24:00
SJ_00403,아름동_해피라움3 앞,Y,아름동,세종특별자치시 아름동 1359,127.248629,36.511553,1,30,2019-01-30 15:23:54,2023-09-23 07:44:14
SJ_00404,새롬동_새뜸 508동앞,Y,새롬동,세종특별자치시 새롬동 617,127.252771,36.483513,2,30,2019-01-30 15:26:59,2021-10-06 20:20:58
SJ_00405,고운동_당암육교,Y,고운동,세종특별자치시 고운동 739-307,127.231915,36.499820,1,35,2019-01-30 15:40:12,2020-12-10 10:24:00
SJ_00406,대평동_해들4단지 입구,Y,대평동,세종특별자치시 대평동 90-1,127.280742,36.471162,3,30,2019-01-30 15:50:49,2020-12-10 10:24:00
SJ_00407,대평동_해들 408동 앞,Y,대평동,세종특별자치시 대평동 704-1,127.283881,36.472979,3,35,2019-01-30 15:56:06,2021-10-15 14:50:38
SJ_00410,대평동_해들601동 앞,Y,대평동,세종특별자치시 대평동 668,127.276504,36.474518,3,30,2022-03-08 20:07:59,2023-06-07 10:12:48
SJ_00411,대평동_해들609동 앞,Y,대평동,세종특별자치시 대평동 668,127.277269,36.473942,3,35,2021-11-03 09:55:09,2022-03-15 14:55:03
SJ_00414,종촌동_가재701동앞,Y,종촌동,세종특별자치시 종촌동 649-2,127.249233,36.505187,1,35,2019-05-02 13:31:58,2020-12-10 10:24:00
SJ_00415,세종동_세종호수공원 제1주차장,Y,세종동,세종특별자치시 세종동 1201,127.269667,36.492533,s,25,2019-05-02 17:09:45,2024-10-13 21:56:26
SJ_00416,반곡동_수루배  BRT 1(시청방향),Y,반곡동,세종특별자치시 반곡동 41-10,127.310530,36.497748,4,35,2019-05-08 15:20:53,2022-12-27 15:03:35
SJ_00417,반곡동_수루배  BRT 2(집현동방향),Y,반곡동,세종특별자치시 반곡동 42-1,127.310543,36.497302,4,45,2019-05-08 15:23:02,2022-12-27 15:05:09
SJ_00418,보람동_세종우체국 옆,Y,보람동,세종특별자치시 보람동 625-7,127.291021,36.479857,3,45,2019-05-13 13:21:16,2020-12-10 10:24:00
SJ_00419,보람동_광역복지센터 옆,Y,보람동,세종특별자치시 보람동 630-1,127.291207,36.479361,3,45,2019-05-13 13:24:05,2020-12-10 10:24:00
SJ_00420,가람동_세종이마트앞,Y,가람동,세종특별자치시 가람동 65,127.251684,36.470509,2,50,2019-05-29 14:13:20,2021-04-17 17:10:40
SJ_00421,다정동_새움중학교,Y,다정동,세종특별자치시 다정동 363-261,127.247528,36.490402,2,35,2019-05-29 16:00:35,2022-04-15 16:25:12
SJ_00422,다정동_가온415동 옆,Y,다정동,세종특별자치시 다정동 363-250,127.249509,36.491229,2,35,2019-05-30 14:49:32,2021-09-09 18:21:42
SJ_00423,다정동_가온403동 앞,Y,다정동,세종특별자치시 다정동 363-195,127.248994,36.493333,2,35,2019-05-29 16:07:49,2020-12-10 10:24:00
SJ_00424,반곡동_수루배 323동앞,Y,반곡동,세종특별자치시 반곡동 41-7,127.309493,36.498208,4,35,2019-06-11 09:42:22,2024-08-03 11:28:55
SJ_00425,조치원_고용노동부 ,Y,조치원,세종특별자치시 조치원읍 상리 96,127.303453,36.601647,0,35,2019-07-29 09:23:43,2020-12-10 10:24:00
SJ_00426,조치원_삼일아파트,Y,조치원,세종특별자치시 조치원읍 죽림리 21-5,127.297280,36.594918,0,35,2019-07-29 09:25:53,2020-12-10 10:24:00
SJ_00427,조치원_신흥리_조치원중학교 앞,Y,조치원,세종특별자치시 조치원읍 신흥리 229,127.286650,36.594851,0,35,2019-07-29 09:27:42,2022-05-31 14:30:49
SJ_00428,조치원_욱일아파트,Y,조치원,세종특별자치시 조치원읍 침산리 34-5,127.289963,36.602844,0,35,2019-07-29 09:29:02,2020-12-10 10:24:00
SJ_00429,조치원_조치원역 서편,Y,조치원,세종특별자치시 조치원읍 원리 151-5,127.294980,36.602002,0,25,2019-07-29 09:31:07,2024-06-26 11:43:02
SJ_00430,조치원_세종서창행복주택,Y,조치원,세종특별자치시 조치원읍 서창리 92-5,127.296809,36.610198,0,35,2019-07-29 09:33:05,2020-12-10 10:24:00
SJ_00431,조치원_홍익대학교 정문,Y,조치원,세종특별자치시 조치원읍 신안리 314-1,127.290559,36.621048,0,35,2019-07-29 09:34:22,2020-12-10 10:24:00
SJ_00432,조치원_중앙요양병원,Y,조치원,세종특별자치시 조치원읍 신안리 487,127.288727,36.614142,0,20,2019-07-29 09:35:59,2024-10-08 14:06:21
SJ_00433,고운동_가락 908동,Y,고운동,세종특별자치시 고운동 1408,127.2293764,36.5120567,1,35,2019-07-29 11:25:22,2023-10-25 14:11:24
SJ_00434,새롬동_에스월드빌딩,Y,새롬동,세종특별자치시 새롬동 산 21,127.250358,36.485350,2,15,2019-07-29 11:27:08,2020-12-10 10:24:00
SJ_00435,새롬동_새뜸 418동,Y,새롬동,세종특별자치시 새롬동 283-3,127.245599,36.489613,2,25,2019-07-29 11:28:35,2024-06-10 09:48:52
SJ_00436,고운동_가락 111동,Y,고운동,세종특별자치시 고운동 1729,127.234777,36.504293,1,35,2019-07-29 11:30:12,2020-12-10 10:24:00
SJ_00437,어진동_정부세종청사버스터미널BRT3,Y,어진동,세종특별자치시 어진동 561-1,127.261514,36.504309,1,35,2019-07-29 11:31:41,2020-12-10 10:24:00
SJ_00438,반곡동_수루배619동,Y,반곡동,세종특별자치시 반곡동 1039,127.3179629,36.4947974,4,20,2019-07-31 14:22:33,2023-05-25 20:28:28
SJ_00439,소담동_새샘106동,Y,소담동,세종특별자치시 소담동 597,127.303835,36.481239,3,30,2019-07-31 16:40:20,2022-04-06 15:55:09
SJ_00440,어진동_세종파이낸스 2차 서편,Y,어진동,세종특별자치시 어진동 667,127.260966,36.497021,1,35,2019-07-31 17:38:34,2024-06-26 11:23:05
SJ_00441,어진동_세종파이낸스 2차 동편,Y,어진동,세종특별자치시 어진동 668,127.262468,36.496818,1,40,2019-07-31 17:39:25,2022-01-19 09:27:56
SJ_00442,조치원_고려대학교,Y,조치원,세종특별자치시 조치원읍 서창리 50-5,127.293226,36.609976,0,35,2019-08-01 08:52:49,2020-12-10 10:24:00
SJ_00443,반곡동_수루배 111동앞,Y,반곡동,세종특별자치시 반곡동 398,127.309124,36.497413,4,35,2019-08-16 17:25:09,2020-12-10 10:24:00
SJ_00444,반곡동_수루배 105동앞,Y,반곡동,세종특별자치시 반곡동 401-1,127.306808,36.496003,4,45,2019-08-16 17:26:46,2020-12-10 10:24:00
SJ_00445,반곡동_수루배 102동,Y,반곡동,세종특별자치시 반곡동 710-2,127.304615,36.496675,1,45,2019-08-16 17:31:06,2020-12-10 10:24:00
SJ_00446,보람동_호려울 102동 맞은 편,Y,보람동,세종특별자치시 보람동 664-102,127.285131,36.475025,3,35,2019-08-20 09:49:00,2020-12-10 10:24:00
SJ_00447,한솔동_복합커뮤니티센터 정음관,Y,한솔동,세종특별자치시 한솔동 962,127.255734,36.478032,2,35,2019-09-18 15:47:04,2022-03-08 09:21:27
SJ_00448,반곡동_반곡중학교앞,Y,반곡동,세종특별자치시 반곡동 50-10,127.311014,36.501100,4,25,2019-09-24 10:08:41,2020-12-10 10:24:00
SJ_00449,반곡동_수루배 416동앞 로터리,Y,반곡동,세종특별자치시 반곡동 60-4,127.315948,36.500299,4,40,2019-09-24 17:24:08,2021-12-27 19:17:02
SJ_00450,반곡동_수루배 401동앞,Y,반곡동,세종특별자치시 반곡동 52-17,127.313487,36.498583,0,40,2019-09-24 17:28:17,2020-12-10 10:24:00
SJ_00452,어진동_한뜰106동 앞,Y,어진동,세종특별자치시 어진동 554,127.267595,36.506868,1,35,2019-10-15 16:51:58,2021-10-19 14:45:30
SJ_00453,어진동_지방자치회관,Y,어진동,세종특별자치시 어진동 661,127.263266,36.494596,1,25,2019-10-16 16:07:57,2020-12-10 10:24:00
SJ_00454,나성동_어반아트리움 거치대,Y,나성동,세종특별자치시 나성동 381,127.259810,36.488291,2,20,2019-10-17 09:35:58,2020-12-10 10:24:00
SJ_00455,가람동_지역난방공사 앞,Y,가람동,세종특별자치시 가람동 956,127.245724,36.465209,0,35,2019-10-17 16:40:04,2020-12-10 10:24:00
SJ_00456,보람동_세종시청 서편 주차장,Y,보람동,세종특별자치시 보람동 627-2,127.287455,36.479679,3,30,2019-10-18 15:40:29,2024-02-23 08:23:37
SJ_00457,반곡동_수루배 303동 앞,Y,반곡동,세종특별자치시 반곡동 36-7,127.307685,36.499150,4,25,2019-11-05 18:22:26,2024-07-23 08:18:03
SJ_00458,집현동_산학연지원센터 북측.,Y,집현동,세종특별자치시 집현동  1060,127.328621,36.499711,4,65,2019-11-11 08:58:03,2024-03-11 16:10:51
SJ_00459,집현동_산학연지원센터 남측.,Y,집현동,세종특별자치시 집현동1008-5,127.329186,36.498940,4,65,2019-11-11 08:59:24,2024-03-11 16:12:00
SJ_00460,어진동_과학기술정보통신부(4동),Y,어진동,세종특별자치시 어진동 712,127.265907,36.506698,1,30,2019-12-19 11:01:31,2023-06-29 21:17:14
SJ_00461,아름동_범지기 501동 앞,Y,아름동,세종특별자치시 아름동 1346,127.245976,36.509827,1,35,2019-12-19 11:03:27,2022-04-18 12:35:21
SJ_00462,고운동_가락 1802동 앞,Y,고운동,세종특별자치시 고운동 907,127.233067,36.520986,1,35,2019-12-19 11:05:16,2022-05-19 08:48:49
SJ_00463,고운동_가락 1806동 앞,Y,고운동,세종특별자치시 고운동 941,127.233825,36.519781,1,25,2019-12-19 11:06:44,2020-12-10 10:24:00
SJ_00464,소담동_새샘 606동 앞,Y,소담동,세종특별자치시 소담동 28-1,127.304708,36.484171,3,35,2019-12-19 14:27:15,2020-12-10 10:24:00
SJ_00465,도담동_도램 1315동 앞,Y,도담동,세종특별자치시 도담동 402,127.259114,36.517504,1,30,2019-12-19 14:32:51,2020-12-10 10:24:00
SJ_00466,한솔동_우체국 앞,Y,한솔동,세종특별자치시 한솔동 1230,127.254439,36.479888,1,25,2019-12-19 14:38:56,2020-12-10 10:24:00
SJ_00467,보람동_세종남부경찰서 버스정류장,Y,보람동,세종특별자치시 보람동 715,127.292663,36.480504,3,40,2019-12-19 14:45:29,2022-02-09 15:28:29
SJ_00468,대평동_해들 518동 앞,Y,대평동,세종특별자치시 대평동 567-8,127.278710,36.473434,3,45,2019-12-19 14:50:21,2020-12-10 10:24:00
SJ_00469,어진동_청암빌딩 앞,Y,어진동,세종특별자치시 어진동 494,127.262043,36.507427,1,25,2019-12-19 14:52:07,2024-07-04 07:48:45
SJ_00470,조치원_고려대학교 정문,Y,조치원,세종특별자치시 조치원읍 서창리 177-9,127.289234,36.608603,0,30,2019-12-19 14:54:26,2020-12-10 10:24:00
SJ_00471,새롬동_새뜸 607동 앞,Y,새롬동,세종특별자치시 새롬동 354-1,127.248697,36.484697,2,25,2019-12-19 14:56:56,2020-12-10 10:24:00
SJ_00472,도담동_도램 601동 앞,Y,도담동,세종특별자치시 도담동 851,127.260959,36.509331,1,30,2019-12-19 15:02:12,2020-12-10 10:24:00
SJ_00473,도담동_도램 603동 앞,Y,도담동,세종특별자치시 도담동 852,127.2602942,36.5084806,1,20,2019-12-19 15:04:59,2024-03-31 09:50:16
SJ_00474,새롬동_새뜸 306동 앞,Y,새롬동,세종특별자치시 새롬동 320,127.248062,36.485904,2,25,2019-12-19 15:16:04,2020-12-10 10:24:00
SJ_00475,새롬동_새뜸 726동앞 로터리,Y,새롬동,세종특별자치시 새롬동 288-1,127.246996,36.489914,2,30,2019-12-19 15:17:59,2021-12-27 18:31:11
SJ_00476,새롬동_새뜸 718동 앞,Y,새롬동,세종특별자치시 새롬동 산 45,127.247783,36.488171,2,40,2019-12-19 15:20:47,2022-02-14 17:36:39
SJ_00477,소담동_새샘 609동 앞,Y,소담동,세종특별자치시 소담동 583,127.3025575,36.4854384,3,20,2019-12-19 15:24:40,2024-05-15 09:25:01
SJ_00478,새롬동_새뜸 302동 앞,Y,새롬동,세종특별자치시 새롬동 329,127.247664,36.486589,2,25,2019-12-19 15:26:25,2020-12-10 10:24:00
SJ_00479,새롬동_새뜸 208동 앞 로터리,Y,새롬동,세종특별자치시 새롬동 341-125,127.249288,36.483121,2,25,2019-12-19 15:42:07,2021-12-27 18:48:40
SJ_00480,보람동_세종시청 정문2,Y,보람동,세종특별자치시 보람동 720,127.288709,36.478800,3,20,2021-06-24 15:41:22,2021-06-24 15:43:17
SJ_00481,소담동_소담동 타임빌딩 앞,Y,소담동,세종특별자치시 소담동 540,127.299956,36.485073,3,30,2019-12-19 15:52:19,2021-11-15 19:31:01
SJ_00482,반곡동_수루배 506동 앞,Y,반곡동,세종특별자치시 반곡동 47-1,127.313054,36.497527,4,30,2019-12-19 15:56:01,2020-12-10 10:24:00
SJ_00483,어진동_중앙동 임시주차장 입구,Y,어진동,세종특별자치시 어진동 630,127.267260,36.500524,1,25,2020-04-06 19:00:37,2024-09-09 11:13:08
SJ_00484,어진동_중앙동 임시주차장 건너편,Y,어진동,세종특별자치시 어진동 738,127.267736,36.500118,1,30,2020-04-07 18:50:59,2024-09-09 11:14:07
SJ_00485,종촌동_중앙프라자 앞,Y,종촌동,세종특별자치시 종촌동 657,127.249603,36.504880,1,20,2020-04-09 16:30:50,2021-05-04 16:07:33
SJ_00486,도담동_도램2007동 앞,Y,도담동,세종특별자치시 도담동 633,127.264161,36.516144,1,30,2020-04-09 16:33:06,2021-03-15 09:20:58
SJ_00487,반곡동_수루배209동 ,Y,반곡동,세종특별자치시 반곡동 395-2,127.310056,36.495990,1,25,2020-04-09 16:34:59,2020-12-10 10:24:00
SJ_00488,대평동_해들205동,Y,대평동,세종특별자치시 대평동 266-26,127.276990,36.470950,3,25,2020-04-09 16:36:41,2020-12-10 10:24:00
SJ_00489,보람동_해들510동,Y,보람동,세종특별자치시 보람동 733,127.282393,36.474437,3,30,2020-04-09 16:38:27,2024-08-26 09:42:13
SJ_00490,보람동_호려울308동,Y,보람동,세종특별자치시 보람동 664-42,127.283190,36.477265,1,35,2020-04-09 16:40:43,2020-12-10 10:24:00
SJ_00491,소담동_새샘201동,Y,소담동,세종특별자치시 소담동 32-14,127.300929,36.481362,1,35,2020-04-09 16:42:24,2022-01-06 07:47:48
SJ_00492,종촌동_가재301동,Y,종촌동,세종특별자치시 종촌동 680,127.241516,36.505046,1,35,2020-04-09 16:44:43,2020-12-10 10:24:00
SJ_00493,어진동_엠브릿지,Y,어진동,세종특별자치시 어진동 510,127.258063,36.503066,1,25,2020-04-09 16:46:14,2020-12-10 10:24:00
SJ_00494,세종동_세종예술고 후문옆 로터리,Y,세종동,세종특별자치시 세종동 1210,127.2695944,36.4913596,s,25,2020-04-09 16:47:19,2024-10-13 21:56:40
SJ_00495,어진동_홈플러스,Y,어진동,세종특별자치시 어진동 503,127.258243,36.507789,1,25,2020-04-09 16:48:44,2020-12-10 10:24:00
SJ_00496,아름동_범지기1013동,Y,아름동,세종특별자치시 아름동 1242,127.252117,36.517449,1,25,2020-04-09 16:50:13,2020-12-10 10:24:00
SJ_00497,아름동_범지기308동,Y,아름동,세종특별자치시 아름동 1297-1,127.245502,36.517797,1,30,2020-04-09 16:51:44,2021-03-21 10:31:32
SJ_00498,아름동_범지기902동,Y,아름동,세종특별자치시 아름동 1282-1,127.245721,36.517323,1,25,2020-04-09 16:53:11,2020-12-10 10:24:00
SJ_00499,아름동_영토프라자앞 로터리,Y,아름동,세종특별자치시 아름동 1332,127.243027,36.510859,1,35,2020-04-09 16:54:26,2021-12-27 19:30:26
SJ_00500,고운동_가락2203동,Y,고운동,세종특별자치시 고운동 1387-1,127.241161,36.519924,1,30,2020-04-09 16:55:51,2022-01-08 21:05:05
SJ_00501,반곡동_수루배601동,Y,반곡동,세종특별자치시 반곡동 67-4,127.318591,36.494163,3,35,2020-04-09 16:57:55,2021-05-05 14:07:35
SJ_00502,어진동_지방자치회관,Y,어진동,세종특별자치시 어진동 661,127.262997,36.493776,1,25,2020-04-09 16:59:12,2020-12-10 10:24:00
SJ_00503,고운동_한마음정육식당,Y,고운동,세종특별자치시 고운동 2004,127.236325,36.500387,1,20,2020-04-09 17:01:16,2020-12-10 10:24:00
SJ_00504,나성동_독락정역사공원,Y,나성동,세종특별자치시 나성동 213-2,127.266804,36.484644,1,25,2020-04-09 17:16:37,2022-06-01 16:18:21
SJ_00505,고운동_세종누리학교,Y,고운동,세종특별자치시 고운동 472,127.242839,36.525969,1,25,2020-04-21 17:38:55,2020-12-10 10:24:00
SJ_00506,대평동_대평초등학교,Y,대평동,세종특별자치시 대평동 266-11,127.2779084,36.4699655,3,30,2020-04-21 17:40:24,2023-06-07 18:59:14
SJ_00507,도담동_싱싱장터1호점,Y,도담동,세종특별자치시 도담동 654,127.259974,36.515383,1,25,2020-04-21 17:42:13,2020-12-10 10:24:00
SJ_00508,고운동_가락1914동,Y,고운동,세종특별자치시 고운동 667-1,127.232504,36.522384,1,25,2020-04-24 11:09:40,2020-12-10 10:24:00
SJ_00509,도담동_라온프라이빗2차,Y,도담동,세종특별자치시 도담동 402,127.259276,36.512653,1,35,2020-04-24 11:11:55,2020-12-10 10:24:00
SJ_00510,반곡동_시드니블루,Y,반곡동,세종특별자치시 반곡동 45-14,127.311827,36.497844,1,25,2020-04-24 11:15:11,2020-12-10 10:24:00
SJ_00511,반곡동_반곡고등학교,Y,반곡동,세종특별자치시 반곡동 64-11,127.317611,36.496058,1,25,2020-04-24 11:16:21,2020-12-10 10:24:00
SJ_00512,보람동_여울초등학교,Y,보람동,세종특별자치시 보람동 700-86,127.285486,36.476889,3,35,2020-08-05 11:00:04,2020-12-10 10:24:00
SJ_00513,해밀동_해밀138동,Y,해밀동,세종특별자치시 해밀동 333,127.267690,36.525145,1,45,2020-10-07 10:42:32,2021-06-30 21:21:19
SJ_00514,해밀동_해밀139동,Y,해밀동,세종특별자치시 해밀동 337,127.267166,36.525831,1,35,2020-10-07 10:45:49,2021-06-30 21:21:33
SJ_00515,세종동_세종중앙공원(남쪽)주차장,Y,세종동,세종특별자치시 세종동 1204,127.2698918,36.4918561,s,25,2020-10-12 14:31:23,2024-10-13 21:56:52
SJ_00516,세종동_세종중앙공원(중앙)공터,Y,세종동,세종특별자치시 세종동 1204,127.2746299,36.4947056,s,25,2020-10-12 14:37:08,2024-10-13 08:39:37
SJ_00517,세종동_세종중앙공원(북쪽)주차장,Y,세종동,세종특별자치시 세종동 1204,127.281370,36.499060,s,25,2020-10-12 14:44:43,2024-10-13 08:39:51
SJ_00518,세종동_국립수목원(북쪽)보관소,Y,세종동,세종특별자치시 세종동 1203,127.284106,36.497816,s,25,2020-10-12 14:50:59,2024-10-13 08:40:01
SJ_00519,도담동_카림에비뉴,Y,도담동,세종특별자치시 도담동 402,127.259281,36.514435,1,25,2020-10-21 13:35:42,2020-12-10 10:24:00
SJ_00520,조치원_조치원역,Y,조치원,세종특별자치시 조치원읍 원리 12-6,127.297929,36.601053,1,30,2020-10-21 15:14:34,2021-10-14 09:57:45
SJ_00521,조치원_우체국,Y,조치원,세종특별자치시 조치원읍 교리 24-3,127.298027,36.602414,1,30,2020-10-21 15:19:53,2020-12-10 10:24:00
SJ_00523,조치원_신흥주공207동,Y,조치원,세종특별자치시 조치원읍 신흥리 393,127.290782,36.594882,1,25,2020-10-21 16:11:42,2024-03-22 17:27:43
SJ_00524,조치원_자이아파트119동,Y,조치원,세종특별자치시 조치원읍 죽림리 117-5,127.291523,36.591022,1,35,2020-10-21 16:19:28,2021-03-08 18:28:59
SJ_00525,세종동_양화1교차로종촌교다리,Y,세종동,세종특별자치시 세종동9-5,127.299561,36.503421,S,25,2020-10-22 15:10:17,2024-07-12 09:18:40
SJ_00526,소담동_새샘908동,Y,소담동,세종특별자치시 소담동 325,127.301503,36.489072,1,30,2020-10-22 15:13:59,2020-12-10 10:24:00
SJ_00527,소담동_법조타운A,Y,소담동,세종특별자치시 소담동 208,127.302367,36.489461,1,25,2020-10-22 15:16:27,2020-12-10 10:24:00
SJ_00528,반곡동_더스테이빌딩,Y,반곡동,세종특별자치시 반곡동 771-68,127.303015,36.490436,4,20,2020-10-22 15:18:31,2022-01-12 14:50:25
SJ_00529,도담동_센트럴프라자,Y,도담동,세종특별자치시 도담동 657,127.258746,36.515305,1,25,2020-10-22 15:22:35,2020-12-10 10:24:00
SJ_00530,도담동_세종충남대병원,Y,도담동,세종특별자치시 도담동 407,127.2590108,36.5195254,1,30,2020-10-22 15:52:13,2024-03-14 21:55:34
SJ_00531,소담동_새샘701동,Y,소담동,세종특별자치시 소담동 36-1,127.299658,36.487013,1,45,2020-10-22 15:56:52,2021-05-03 15:06:55
SJ_00532,소담동_새샘703동,Y,소담동,세종특별자치시 소담동 539,127.300345,36.485543,1,35,2020-10-22 15:57:50,2022-04-06 11:59:17
SJ_00533,해밀동_해밀144동,Y,해밀동,세종특별자치시 해밀동 산 12,127.267491,36.527971,1,35,2020-10-22 16:37:11,2020-12-10 10:24:00
SJ_00534,해밀동_해밀113동,Y,해밀동,세종특별자치시 해밀동 608,127.265090,36.524998,1,40,2020-10-22 16:38:35,2024-10-02 15:07:12
SJ_00535,어진동_홈플러스,Y,어진동,세종특별자치시 어진동 503,127.258506,36.506927,1,25,2020-10-23 13:19:44,2020-12-10 10:24:00
SJ_00537,집현동_새나루마을1204동(서쪽),Y,집현동,세종특별자치시 집현동 997-3,127.324436,36.500307,1,25,2021-05-04 13:33:54,2021-05-04 13:33:54
SJ_00538,집현동_새나루마을BRT(시청방향),Y,집현동,세종특별자치시 집현동 885-1,127.322189,36.498194,1,25,2021-05-04 13:39:30,2021-05-04 13:39:30
SJ_00539,소담동_아이콤타워(뒷편),Y,소담동,세종특별자치시 소담동 609,127.298952,36.484544,1,30,2021-05-04 14:05:46,2022-02-11 10:18:48
SJ_00540,소담동_지엘플렉스2(입구),Y,소담동,세종특별자치시 소담동 580,127.301324,36.484498,3,40,2021-05-04 14:14:54,2024-04-06 10:14:14
SJ_00541,소담동_지엘플렉스1(입구),Y,소담동,세종특별자치시 소담동 582,127.301668,36.484908,3,35,2021-05-06 09:45:15,2024-04-06 10:13:24
SJ_00543,보람동_스마트허브4(입구),Y,보람동,세종특별자치시 보람동 762,127.290520,36.477336,1,35,2021-05-04 14:29:57,2023-10-22 09:58:32
SJ_00548,보람동_아평빌딩(입구),Y,보람동,세종특별자치시 보람동 762,127.288635,36.476536,3,35,2021-05-04 14:49:45,2023-10-22 09:58:14
SJ_00549,한솔동_주민센터(입구),Y,한솔동,세종특별자치시 한솔동 964,127.254918,36.479067,1,20,2021-05-04 15:01:48,2021-05-04 15:01:48
SJ_00550,가람동_세종중부발전(입구),Y,가람동,세종특별자치시 가람동 961,127.247185,36.466008,1,20,2021-05-04 15:11:37,2021-05-04 15:11:37
SJ_00551,새롬동_새롬중학교(건너편),Y,새롬동,세종특별자치시 새롬동 605,127.250582,36.481289,1,20,2021-05-04 15:21:15,2021-05-04 15:21:15
SJ_00552,새롬동_새뜸마을408동(육교앞),Y,새롬동,세종특별자치시 새롬동 553,127.244675,36.487448,1,20,2021-05-04 15:27:29,2021-05-04 15:27:29
SJ_00553,어진동_행안부제2별관(주차장입구),Y,어진동,세종특별자치시 어진동 524,127.256688,36.499785,1,35,2021-05-04 15:44:24,2021-07-19 20:22:49
SJ_00554,어진동_보건복지부(별관)앞,Y,어진동,세종특별자치시 어진동 523,127.256811,36.499010,1,45,2021-05-04 15:47:39,2023-07-07 09:15:43
SJ_00555,종촌동_중앙프라자(북쪽)_입구,Y,종촌동,세종특별자치시 종촌동 657,127.249447,36.504891,1,20,2021-05-04 16:06:09,2021-05-04 16:08:07
SJ_00556,도담동_도램마을102동(도로변),Y,도담동,세종특별자치시 도담동 845,127.255975,36.510809,1,20,2021-05-04 16:24:29,2021-05-04 16:24:29
SJ_00557,어진동_세종중앙타운(서측)_입구,Y,어진동,세종특별자치시 어진동 494,127.261899,36.508227,1,35,2021-05-04 16:35:25,2022-04-11 13:06:20
SJ_00558,어진동_리슈빌S_입구,Y,어진동,세종특별자치시 어진동 548,127.262010,36.507734,1,35,2021-05-04 16:37:58,2021-07-30 07:41:12
SJ_00572,해밀동_해밀214동(동쪽),Y,해밀동,세종특별자치시 해밀동 산 23,127.271626,36.527208,6,30,2020-11-27 14:52:53,2020-12-10 17:23:00
SJ_00573,해밀동_해밀211동(남측),Y,해밀동,세종특별자치시 해밀동 123,127.268727,36.528448,1,30,2020-11-27 15:00:46,2020-12-10 17:23:00
SJ_00574,해밀동_해밀205동(남측),Y,해밀동,세종특별자치시 해밀동 산 14,127.267838,36.529558,1,40,2020-11-27 15:10:16,2021-03-19 09:18:52
SJ_00575,해밀동_해밀마을BRT,Y,해밀동,세종특별자치시 해밀동 산 5-2,127.263987,36.528441,1,25,2020-11-27 15:15:56,2024-05-05 10:55:47
SJ_00576,해밀동_해밀106동(서측),Y,해밀동,세종특별자치시 해밀동 317,127.264454,36.527870,1,25,2020-11-27 15:19:24,2023-02-20 16:05:48
SJ_00577,고운동_가락2002동 앞,Y,고운동,세종특별자치시 고운동 1396,127.240604,36.517274,1,45,2020-11-27 15:31:21,2021-05-26 12:59:12
SJ_00578,어진동_국무조정실 북측 버스정류장,Y,어진동,세종특별자치시 어진동 615,127.2713118,36.5038175,1,35,2021-02-08 14:45:04,2024-10-13 08:40:13
SJ_00579,나성동_나릿재404동(동쪽)_도로변,Y,나성동,세종특별자치시 나성동 353-1,127.262608,36.491181,1,32,2021-05-12 13:40:45,2021-11-25 16:00:39
SJ_00580,나성동_나릿재103동 육교옆,Y,나성동,세종특별자치시 나성동 256-2,127.264281,36.487586,1,30,2021-05-14 10:52:58,2021-10-13 11:09:50
SJ_00581,나성동_나릿재402동(북쪽)_입구,Y,나성동,세종특별자치시 나성동 350-1,127.261355,36.491474,2,25,2021-06-10 16:39:34,2024-08-27 08:19:03
SJ_00582,나성동_나릿재401동(남쪽)_도로변,Y,나성동,세종특별자치시 나성동 363-1,127.261028,36.490011,2,35,2021-06-10 16:42:42,2022-02-04 21:51:17
SJ_00583,나성동_나릿재206동(동쪽)_도로변,Y,나성동,세종특별자치시 나성동 297-4,127.266651,36.4891318,2,20,2021-06-10 16:51:18,2024-05-12 21:59:30
SJ_00584,나성동_나릿재201동(육교)_도로변,Y,나성동,세종특별자치시 나성동 255-2,127.264689,36.487647,2,30,2021-06-10 16:57:24,2022-02-04 21:50:03
SJ_00585,나성동_나릿재101동(북서쪽)_로터리,Y,나성동,세종특별자치시 나성동 394-1,127.262159,36.487447,2,35,2021-06-10 17:04:51,2022-02-04 21:48:59
SJ_00586,아름동_남세종청소년센터,Y,아름동,세종특별자치시 아름동 1458,127.244530,36.519017,1,23,2021-09-24 10:48:58,2024-07-30 16:05:20
SJ_00587,나성동_나릿재6단지 정문 옆(도로변),Y,나성동,세종특별자치시 나성동 350-2,127.261558,36.491676,2,25,2021-09-30 14:30:49,2021-09-30 14:30:49
SJ_00588,나성동_나릿재6단지,Y,나성동,세종특별자치시 나성동 658-27,127.262421,36.492160,2,35,2021-09-30 14:34:35,2021-09-30 14:34:35
SJ_00589,나성동_나릿재309동 앞,Y,나성동,세종특별자치시 나성동 261-1,127.263648,36.488571,2,35,2021-09-30 14:45:26,2021-10-21 14:25:01
SJ_00590,나성동_나릿재303동 앞,Y,나성동,세종특별자치시 나성동 372-2,127.261328,36.488689,2,35,2021-09-30 14:51:37,2021-09-30 14:51:37
SJ_00591,나성동_리치먼드시티 앞,Y,나성동,세종특별자치시 나성동 756,127.256584,36.492734,2,45,2021-09-30 15:35:32,2022-02-19 17:04:30
SJ_00600,어진동_한뜰마을601동 앞,Y,어진동,세종특별자치시 어진동 673,127.258921,36.495390,1,35,2021-10-21 14:13:06,2024-07-28 16:00:57
SJ_00601,어진동_한뜰마을604동앞,Y,어진동,세종특별자치시 어진동 755,127.261280,36.494068,1,35,2021-10-27 14:44:35,2021-10-27 16:10:43
SJ_00602,어진동_해양수산부_농림축산식품부(5동-1) 로터리,Y,어진동,세종특별자치시 어진동 715,127.2650661,36.505699,1,35,2021-12-03 16:52:21,2023-06-29 21:51:48
SJ_00603,세종동_국립수목원연구동 앞 정류장,Y,세종동,세종특별자치시 세종동 1205,127.2897209,36.4976707,S,35,2021-12-03 17:07:13,2023-01-02 20:19:47
SJ_00604,조치원_홈플러스 정문,Y,조치원,세종특별자치시 조치원읍 번암리 53-2,127.297101,36.586551,1,35,2021-12-03 17:09:35,2021-12-03 17:10:15
SJ_00605,소담동_한국보건사회연구원 대로변쪽,Y,소담동,세종특별자치시 소담동 831,127.306277,36.495141,3,35,2021-12-03 17:20:42,2021-12-03 17:20:42
SJ_00606,보람동_호려울 1010동 앞,Y,보람동,세종특별자치시 보람동 702,127.295203,36.481535,3,20,2021-12-04 12:23:30,2021-12-04 12:24:22
SJ_00607,보람동_호려울 911동 앞,Y,보람동,세종특별자치시 보람동 774,127.295035,36.481002,3,35,2021-12-04 12:33:04,2021-12-04 12:34:58
SJ_00608,집현동_새나루마을 1207동,Y,집현동,세종특별자치시 집현동 418-1,127.325863,36.501811,4,20,2021-12-04 12:50:33,2021-12-04 12:51:21
SJ_00609,집현동_새나루마을1단지 정문앞 로터리,Y,집현동,세종특별자치시 집현동 883-148,127.320032,36.485520,4,20,2021-12-04 12:59:18,2021-12-27 18:43:50
SJ_00610,대평동_세종고속시외버스터미널,Y,대평동,세종특별자치시 대평동 269-52,127.273774,36.469257,3,20,2021-12-04 13:15:11,2021-12-04 13:16:01
SJ_00611,고운동_세종중앙타워,Y,고운동,세종특별자치시 고운동 2094,127.241216,36.511640,1,45,2021-12-05 10:26:04,2022-04-19 08:39:19
SJ_00612,고운동_고운프라자,Y,고운동,세종특별자치시 고운동 1370,127.234530,36.519433,1,30,2021-12-05 10:45:43,2021-12-05 10:48:04
SJ_00613,고운동_가락2005동 앞,Y,고운동,세종특별자치시 고운동 1397,127.241390,36.516053,1,30,2021-12-05 10:56:58,2021-12-05 10:56:58
SJ_00614,집현동_새나루마을 309동 앞 로터리,Y,집현동,세종특별자치시 집현동 883-56,127.3216596,36.4907476,4,25,2021-12-15 15:43:33,2023-05-31 15:52:28
SJ_00615,집현동_새나루마을 402동 앞,Y,집현동,세종특별자치시 집현동 883-270,127.321039,36.493527,4,30,2021-12-15 15:48:38,2021-12-27 18:40:49
SJ_00616,집현동_새나루마을 401동 앞 로터리,Y,집현동,세종특별자치시 집현동 785-57,127.322201,36.493163,4,30,2021-12-15 15:52:32,2021-12-27 18:27:23
SJ_00617,집현동_새나루마을2단지 입구,Y,집현동,세종특별자치시 집현동 883-82,127.322089,36.488489,4,40,2021-12-15 15:59:23,2022-04-05 15:48:03
SJ_00618,소담동 _농림수산식품교육문화정보원,Y,소담동,세종특별자치시 반곡동 772-3,127.305279,36.492846,3,30,2021-12-27 13:39:19,2022-02-04 21:48:00
SJ_00619,반곡동_수루배 207동앞,Y,반곡동,세종특별자치시 반곡동 358,127.310773,36.494962,4,30,2021-12-27 13:47:57,2021-12-27 13:49:04
SJ_00620,집현동_새나루 1103동 앞,Y,집현동,세종특별자치시 집현동 885-1,127.3225959,36.4967274,4,30,2021-12-27 13:58:17,2024-01-02 17:11:41
SJ_00622,어진동_중소벤처기업부 앞 정류장,Y,어진동,세종특별자치시 어진동 666,127.260384,36.497497,1,25,2021-12-27 14:38:04,2023-06-29 20:48:50
SJ_00623,세종동_전월산 무궁화 테마공원,Y,세종동,세종특별자치시 세종동 633-1,127.2879203,36.5140372,S,35,2021-12-27 14:39:58,2024-05-08 14:57:47
SJ_00624,아름동_세종국제고_과학영재고 사이,Y,아름동,세종특별자치시 아름동 1463,127.248088,36.521610,1,35,2021-12-27 14:42:09,2022-08-29 15:48:51
SJ_00625,도담동_해밀1단지 건너편 버스정류장,Y,도담동,세종특별자치시 도담동 409,127.262974,36.524674,1,25,2021-12-27 14:43:59,2024-06-24 19:28:09
SJ_00626,어진동_정부세종청사2_우체국사거리,Y,어진동,세종특별자치시 어진동 582,127.261847,36.499833,1,25,2021-12-27 14:47:14,2021-12-27 15:55:16
SJ_00627,종촌동_소망교회 옆,Y,종촌동,세종특별자치시 종촌동 676,127.249105,36.502287,1,35,2021-12-27 14:51:02,2021-12-27 14:52:21
SJ_00628,금남면_세종성바오로성당,Y,금남면,세종특별자치시 금남면 신촌리 297-11,127.282449,36.468474,3,35,2022-02-03 10:42:15,2022-02-04 21:46:12
SJ_00629,보람동_보람초등학교 앞 정류장,Y,보람동,세종특별자치시 보람동 773,127.292940,36.480135,3,30,2022-02-04 15:40:30,2022-02-04 15:44:44
SJ_00630,반곡동_국책 연구지원동 앞(정류장),Y,반곡동,세종특별자치시 반곡동 736,127.303269,36.495420,3,35,2022-02-04 15:41:18,2022-02-04 21:44:54
SJ_00631,반곡동_국책연구단지 시외버스 정류장,Y,반곡동,세종특별자치시 반곡동 713,127.305612,36.495824,3,25,2022-02-04 15:43:42,2024-05-13 14:35:03
SJ_00632,집현동_새나루 1단지 앞,Y,집현동,세종특별자치시 집현동 883-147,127.320500,36.485792,4,25,2022-02-04 17:31:58,2024-03-13 10:56:23
SJ_00633,집현동_새나루1109동 앞,Y,집현동,세종특별자치시 집현동 889,127.323865,36.497535,4,30,2022-02-04 17:44:56,2022-02-04 21:42:56
SJ_00634,집현동_새나루11단지앞 BRT정류장1(합강리방향),Y,집현동,세종특별자치시 집현동 885-1,127.321965,36.497709,4,30,2022-02-04 16:34:58,2022-12-27 15:22:34
SJ_00635,집현동_산학연클러스터앞 BRT정류장,Y,집현동,세종특별자치시 집현동 396,127.328582,36.500740,4,30,2022-02-04 16:40:35,2022-02-04 21:59:33
SJ_00637,집현동_새나루 906동 앞,Y,집현동,세종특별자치시 집현동 산 180,127.3245488,36.4911758,4,45,2022-02-04 17:53:22,2023-04-27 20:00:43
SJ_00638,집현동_새나루 908동 로터리,Y,집현동,세종특별자치시 집현동 785-548,127.324919,36.492476,4,30,2022-02-04 17:56:01,2023-04-06 21:52:14
SJ_00639,집현동_새나루 901동앞 로터리,Y,집현동,세종특별자치시 집현동 785-57,127.322704,36.493180,4,30,2022-02-04 17:58:00,2022-05-30 21:52:29
SJ_00640,아름동_아카데미타워,Y,아름동,세종특별자치시 아름동 1318,127.243292,36.512070,1,25,2022-02-04 18:00:35,2022-02-04 20:52:17
SJ_00641,집현동_BRT정류장(시청 방면),Y,집현동,세종특별자치시 집현동 370,127.3285296,36.5016114,4,30,2022-02-04 20:13:25,2023-09-14 14:22:46
SJ_00645,집현동_11단지 1106앞,Y,집현동,세종특별자치시 집현동 995-3,127.325279,36.496456,4,35,2022-02-05 13:52:51,2022-02-05 13:52:51
SJ_00646,보람동_금강보행교 남측(좌),Y,보람동,세종특별자치시 보람동 627-6,127.287577,36.480599,3,45,2022-03-21 14:55:44,2024-10-27 08:16:34
SJ_00647,보람동_금강보행교 남측(우),Y,보람동,세종특별자치시 보람동 626-7,127.288400,36.480947,3,45,2022-03-21 14:57:54,2024-10-27 08:16:46
SJ_00648,세종동_금강보행교북측(좌),Y,세종동,세종특별자치시 세종동 114-400,127.283323,36.486493,s,35,2022-03-22 13:31:18,2024-11-16 13:27:57
SJ_00649,세종동_금강보행교 북측(우),Y,세종동,세종특별자치시 세종동 735-487,127.283304,36.486074,s,35,2022-03-22 13:36:00,2023-05-29 14:55:38
SJ_00650,나성동_메가박스 건물 앞,Y,나성동,세종특별자치시 나성동 821,127.263397,36.483728,1,35,2022-05-31 13:47:12,2022-05-31 13:54:27
SJ_00652,해밀동_해밀동 복합커뮤니티센터 앞,Y,해밀동,세종특별자치시 해밀동 339-3,127.267659,36.527004,6,35,2022-05-31 13:53:56,2022-05-31 15:12:34
SJ_00653,도담동_도램마을 9단지 정류장BRT,Y,도담동,세종특별자치시 도담동 855,127.261637,36.509061,1,35,2022-05-31 13:56:46,2022-11-24 10:28:37
SJ_00654,아름동_범지기 1023동 버스정류장,Y,아름동,세종특별자치시 아름동 1277,127.249473,36.519095,1,35,2022-05-31 13:58:50,2022-05-31 13:58:50
SJ_00655,다정동_가온7단지 정문 버스정류장,Y,다정동,세종특별자치시 다정동 965,127.249677,36.491613,2,35,2022-05-31 14:00:26,2024-11-03 14:35:07
SJ_00656,어진동_세종경찰기동대 인근,Y,어진동,세종특별자치시 어진동 627,127.266879,36.503281,1,20,2022-05-31 14:03:12,2023-02-24 10:45:17
SJ_00657,집현동_새나루1단지 후문(118동),Y,반곡동,세종특별자치시 반곡동 산 74,127.317184,36.483881,4,35,2022-05-31 14:05:50,2022-05-31 14:05:50
SJ_00659,한림프라자 빌딩(수협은행),Y,나성동,세종특별자치시 나성동 752,127.259176,36.484292,2,35,2022-05-31 14:09:10,2024-04-25 09:36:23
SJ_00660,어진동_한뜰406동 앞 버스정류장,Y,어진동,세종특별자치시 어진동 520,127.254920,36.499012,1,35,2022-05-31 14:25:02,2022-05-31 14:25:02
SJ_00661,어진동_한뜰401동 앞,Y,어진동,세종특별자치시 어진동 520,127.255611,36.501082,1,35,2022-05-31 14:26:39,2022-07-22 14:33:06
SJ_00662,집현동_새나루마을 803동 로터리,Y,집현동,세종특별자치시 집현동 785-94,127.323787,36.489735,4,30,2022-07-29 14:11:12,2022-07-29 18:59:20
SJ_00663,가람동_수질복원센터 체육시설 앞 버스정류장 옆,Y,가람동,세종특별자치시 가람동 960,127.2461695,36.464944,S,35,2022-11-17 11:21:36,2022-11-29 07:44:02
SJ_00664,어진동_정부세종청사 체육관 공원,Y,어진동,"세종특별자치시 어진동 552, 체육관 출입구 계단 측면",127.2641948,36.5064279,1,35,2022-11-17 11:21:36,2022-11-29 07:42:44
SJ_00665,조치원_조치원읍 복합커뮤니티센터 ,Y,조치원,세종특별자치시 조치원읍 신흥리 244,127.2879463,36.5949812,0,35,2022-11-17 11:21:36,2022-11-29 07:41:53
SJ_00666,보람동_금남면 경계 금남구즉 로 로터리,Y,보람동,세종특별자치시 보람동 75-2,127.2965535,36.4766377,3,35,2022-11-17 11:21:36,2022-11-29 07:40:25
SJ_00667,새롬동_새뜸마을 9단지 어울로 도로변,Y,새롬동,"세종특별자치시 새롬동 612, 906동 앞",127.2573326,36.4830669,2,35,2022-11-17 11:21:36,2022-11-29 07:39:16
SJ_00668,한솔동_주택단지옆 공터자리,Y,한솔동,세종특별자치시 한솔동 1092,127.2488327,36.4799866,2,35,2022-11-17 11:21:36,2022-11-29 07:38:03
SJ_00669,한솔동_첫마을 7단지 정문 버스정류장인근 ,Y,한솔동,"세종특별자치시 한솔동 978, 원예농협 앞",127.2554552,36.4745737,2,35,2022-11-17 11:21:36,2022-11-29 07:45:01
SJ_00670,소담동_새샘마을 5단지 501동 앞 버스정류장,Y,소담동,"세종특별자치시 소담동 598, 501동 앞 버스정류장",127.304418,36.4814807,3,35,2022-11-17 11:21:36,2022-11-29 07:34:13
SJ_00671,아름동_아름 스포츠센터(코오롱 스포렉스) ,Y,아름동,세종특별자치시 아름동 1324,127.2455989,36.5119664,1,35,2022-11-17 11:21:36,2024-03-13 10:58:49
SJ_00672,집현동_새나루마을 1006동 앞 로터리,Y,집현동,세종 집현동 885-1,127.3226217,36.4936231,4,35,2022-12-15 17:49:45,2022-12-28 13:17:31
SJ_00673,집현동_새나루 11단지 앞 BRT정류장2(합강리방향),Y,집현동,세종 집현동 885-1,127.3229262,36.4978899,4,35,2022-12-15 17:53:52,2022-12-27 14:57:48
SJ_00674,보람동_금강시티타워 앞,Y,보람동,세종특별자치시 보람동 740,127.2882746,36.4781508,3,35,2022-12-15 17:55:29,2024-06-25 15:51:33
SJ_00675,보람동_호려울마을 3단지 301동 앞,Y,보람동,세종특별자치시 보람동 730,127.2802877,36.4768784,3,35,2022-12-15 17:56:46,2024-03-11 14:53:16
SJ_00676,금남면_대평시장 입구,Y,금남면,세종특별자치시 금남면 용포리 467-29,127.2819218,36.4655648,3,35,2022-12-15 17:58:13,2022-12-28 13:10:05
SJ_00677,새롬동_새뜸마을 716동 옆 로터리,Y,새롬동,세종특별자치시 새롬동 622,127.2481267,36.4870015,2,25,2022-12-15 17:59:57,2022-12-28 13:13:25
SJ_00678,세종동_전통문화체험관(불교문화지원관),Y,세종동,세종특별자치시 세종동 96,127.291181,36.5065803,S,35,2022-12-27 09:55:43,2024-02-20 10:29:07
SJ_00681,어진동_정부세종청사 중앙동 입구,Y,어진동,어진동 575,127.2641945,36.5014919,1,35,2023-03-22 19:02:58,2023-03-22 19:06:45
SJ_00682,어진동_정부세종청사 중앙동 기획재정부 입구,Y,어진동,세종시 어진동 571공,127.2651379,36.50314,1,30,2023-03-22 19:06:03,2023-04-05 15:32:17
SJ_00683,대평동_시드니힐,Y,대평동,세종특별자치시 대평동 666,127.2768806,36.4756264,3,35,2023-04-07 10:18:22,2023-04-07 10:18:22
SJ_00684,어진동_행정안전부 중앙동 동편입구,Y,어진동,세종특별자치시 어진동 572,127.265834,36.5018819,1,35,2023-04-07 16:39:14,2024-05-01 10:25:23
SJ_00685,반곡동_수루배마을 8단지 커뮤니티센터 앞,Y,반곡동,세종특별자치시 반곡동 831,127.3168945,36.4977772,4,25,2023-04-28 17:38:49,2024-05-29 08:09:08
SJ_00686,나성동_소방청 남문,Y,나성동,세종특별자치시 나성동 787,127.2616966,36.4832244,2,30,2023-04-28 17:41:13,2023-07-05 15:08:45
SJ_00687,새롬동_새뜸마을 1002동 앞,Y,새롬동,세종특별자치시 새롬동 617,127.2506681,36.4878619,2,25,2023-04-28 17:44:02,2024-07-24 09:40:48
SJ_00688,종촌동_가재마을 108동 앞,Y,종촌동,세종특별자치시 종촌동 688,127.2419314,36.4998293,1,25,2023-05-02 11:30:57,2023-07-05 14:56:22
SJ_409,대평동_복합커뮤티센터,Y,대평동,세종특별자치시 대평동 90-1,127.279640,36.470920,3,45,2019-04-17 16:37:41,2021-09-30 15:27:56
SJ_412,소담동_복합커뮤니티센터,Y,소담동,세종특별자치시 소담동 9-174,127.300812,36.483993,3,35,2019-04-30 13:25:51,2020-12-10 17:48:00
SJ_413,어진동_어진교차로,Y,어진동,세종특별자치시 어진동 588,127.259272,36.498197,1,35,2019-04-30 13:27:51,2020-12-10 10:24:00
SJ-00681,산울동 세종자이더시티 206동 앞,Y,산울동,세종특별자치시 산울동 308-1,127.260119,36.531487,6,25,2023-12-29 16:25:58,2024-05-29 18:37:46
SJ-00682,산울동-해밀동 BRT,Y,산울동,세종특별자치시 산울동 614 (산울동- 해밀동 BRT),127.26365890,36.52866640,6,25,2023-12-29 16:32:02,2024-05-10 17:54:25
SJ-00689,금남면_호탄리,Y,금남면,세종특별자치시 금남면 호탄리 573-2,127.2993574,36.4723544,0,20,2023-05-29 14:36:56,2024-11-05 10:52:33
SJ-00690,반곡동_수루배마을 901동앞,Y,반곡동,세종특별자치시 반곡동 875,127.317445,36.4989733,4,25,2023-05-29 14:40:39,2024-09-27 14:44:10
SJ-00691,다정동_가온마을 614동 입구,Y,다정동,세종특별자치시 다정동 981,127.2470679,36.4960905,2,25,2023-05-29 14:42:56,2024-03-13 11:13:16
SJ-00692,보람동_보람중학교,Y,보람동,세종특별자치시 보람동 779,127.2937262,36.4784711,3,25,2023-05-29 14:44:13,2024-03-13 11:14:45
SJ-00693,어진동_세종비지니스센터,Y,어진동,세종특별자치시 어진동 657,127.2654343,36.4958458,1,35,2023-05-29 14:46:33,2024-08-21 16:14:34
SJ-00694,반곡동_반곡동 복합커뮤니티센터 앞,Y,반곡동,세종특별자치시 반곡동 855,127.310596,36.4983146,4,25,2023-05-29 14:48:20,2024-03-13 11:15:14
SJ-00695,조치원_세종특별자치시교육청교육원입구,Y,조치원,세종특별자치시 서창리 307,127.2862603,36.6046533,조치원,35,2023-05-29 14:53:08,2024-03-13 11:17:47
SJ-00696,보람동_세종시교육청진로교육원 맞은편,Y,보람동,세종특별자치시 보람동 788,127.2846222,36.4789683,3,25,2023-06-12 19:10:12,2024-03-13 11:17:56
SJ-00697,보람동_세종세무서 맞은편,Y,보람동,세종특별자치시 보람동 788,127.2855563,36.4793709,3,25,2023-06-12 19:13:05,2024-03-13 11:18:10
SJ-00698,소담동_한국전력공사 앞,Y,소담동,세종특별자치시 소담동 567,127.3045471,36.4850143,4,25,2023-10-31 16:12:13,2024-03-13 13:09:26
SJ-00699,집현동_세종이음학교 앞,Y,집현동,세종특별자치시 집현동 757-2,127.3360287,36.4993626,4,25,2023-11-10 11:16:38,2024-03-13 13:11:15
SJ-00700,반곡동_한국개발연구원 앞,Y,반곡동,세종특별자치시 반곡동 1042,127.3099295,36.482131,3,25,2023-11-10 11:22:39,2024-07-02 18:59:09
SJ-00704,고운동_가락마을1209동앞 로터리,Y,고운동,세종특별자치시 고운동 2058,127.2335764,36.5111643,1,35,2023-11-10 13:20:35,2024-09-03 15:12:07
SJ-00706,세종동_세종전통문화체험관 햇무리교방향(임시버스정류장),Y,세종동,세종특별자치시 세종동 735-486,127.2835151,36.5038572,S-1,25,2023-11-10 13:24:22,2024-03-13 13:20:17
SJ-00707,어진동_한뜰마을 5단지 대로변,Y,어진동,세종특별자치시 어진동 682,127.2561579,36.4984785,1,25,2023-11-10 13:30:18,2024-03-13 13:21:11
SJ-00708,나성동_도시상징광장,Y,나성동,세종특별자치시 나성동 836,127.2633784,36.4856009,2,25,2023-11-10 13:31:56,2024-03-13 13:21:46
SJ-00709,조치원_세종시보건환경연구원,Y,조치원,세종특별자치시 봉산리 383,127.283015,36.6029263,조치원,25,2023-11-10 13:36:46,2024-04-30 16:14:23
SJ-00710,세종동_중앙공원 야구장 축구장 사이,Y,세종동,세종특별자치시 세종동 1204,127.277401,36.4975815,1,25,2023-11-10 13:44:13,2024-10-13 08:41:37
SJ-00711,세종동_중앙공원 장남평야 인근,Y,세종동,세종특별자치시 세종동 1204,127.2724094,36.4923742,1,55,2023-11-10 13:45:47,2024-10-13 08:41:48
SJ-00712,광역복지지원센터 앞,Y,반곡동,세종특별자치시 반곡동 1037,127.318015,36.4957768,4,25,2023-12-29 15:36:30,2024-07-24 09:39:01
SJ-00713,도램마을 15단지 1509동 앞,Y,도담동,세종특별자치시 도담동 859,127.2660955,36.5135184,1,25,2023-12-29 15:38:42,2024-07-19 11:20:31
SJ-00714,해들마을 603동 앞,Y,대평동,세종특별자치시 대평동 668,127.2781144,36.4758528,3,25,2023-12-29 15:40:34,2024-07-24 10:09:11
SJ-00715,새샘마을 1단지 정류장,Y,소담동,세종특별자치시 소담동 597-1,127.2997686,36.4807751,3,25,2023-12-29 15:46:05,2024-07-24 13:13:38
SJ-00716,제이빌딩 앞 버스정류장,Y,나성동,세종특별자치시 나성동 801,127.258191,36.4912108,2,30,2023-12-29 15:49:24,2024-08-24 14:50:15
SJ-00717,어진동 세종마치 앞,Y,어진동,세종특별자치시 어진동 610,127.2715927,36.5039204,1,25,2023-12-29 15:53:49,2024-10-13 08:42:10
SJ-00718,보람중학교 옆,Y,보람동,세종특별자치시 보람동 782,127.2922148,36.477768,3,25,2023-12-29 15:57:33,2024-02-20 10:37:44
SJ-00719,행정안전부 중앙동 동측 2,Y,어진동,세종특별자치시 어진동 572,127.2662376,36.5025126,1,35,2023-12-29 16:00:25,2024-07-23 14:44:30
SJ-00720,산울동 복합커뮤니티센터,Y,산울동,세종특별자치시 산울동 256-2,127.26139000,36.53228920,6,35,2023-12-29 16:22:12,2024-09-07 09:17:59
SJ-00723,해밀동-해밀마을 203동 앞,Y,해밀동,세종특별자치시 해밀동 산1-2 (해밀3로 85),127.2687323,36.5313831,6,25,2023-12-29 16:33:34,2024-06-11 14:39:25
SJ-00724,산울동 초. 중학교,Y,산울동,세종특별자치시 산울동 291-1,127.26197090,36.53328020,6,25,2023-12-29 16:28:49,2024-05-03 14:45:54
SJ-00725,정부세종청사 중앙동 건너편 2,Y,어진동,세종특별자치시 어진동 713,127.2662329,36.5019029,1,20,2023-12-29 16:12:03,2024-07-23 14:44:44
SJ-00726,어진동_어진뜰 근린공원 사거리,Y,어진동,"어진동 598, 어진뜰 근린공원 사거리",127.26155,36.4983546,1,25,2024-05-10 14:47:44,2024-05-10 15:46:35
SJ-00727,집현동 _하나은행 앞,Y,집현동,집현동 1162,127.331877,36.499219,4,30,2024-05-14 14:39:11,2024-07-26 10:24:05
SJ-00728,반곡동_수루배마을 4단지 정문 맞은편,Y,반곡동,반곡동 59-43,127.313916,36.5014876,4,25,2024-05-14 14:56:15,2024-05-15 11:03:21
SJ-00729,도담동_양지중학교 맞은편,Y,도담동,도담동 도램마을14단지,127.2676608,36.5088600,1,25,2024-05-14 14:59:31,2024-05-15 09:13:54
SJ-00731,산울동_ 세종파밀리에더파크 정문,Y,산울동,산울동  세종파밀리에더파크 5단지,127.260111,36.529387,6,25,2024-05-14 14:52:25,2024-09-30 12:00:13
SJ-00733,나성동_신한은행 앞,Y,나성동,"니성동 711, 신한은행 앞",127.2592678,36.4836299,2,25,2024-05-14 15:00:15,2024-05-15 10:54:06
SJ-00734,가람동_LH 품질시험인정센터 정문,Y,가람동,가람동 라온로 66,127.241030,36.468710,2,25,2024-05-14 15:08:34,2024-05-15 10:23:21
SJ-00735,어진동_ 어진중학교 정문앞,Y,어진동,다솜로 10,127.2556899,36.4978864,1,30,2024-05-27 10:26:05,2024-05-27 11:20:09
SJ-00737,집현동_세종공동캠퍼스 한밭대,Y,집현동,집현동 산 16,127.3344034,36.5035892,4,30,2024-08-30 10:49:02,2024-10-23 11:25:29
SJ-00738,집현동_세종공동캠퍼스 충북대,Y,집현동,집현동 산 16,127.3338611,36.5026071,4,30,2024-08-30 10:51:37,2024-10-23 11:25:07
SJ-00740,집현동_세종공동캠퍼스 학생회관 동측,Y,집현동,집현동 산 16,127.3327092,36.500926,4,30,2024-08-30 10:57:20,2024-10-23 11:24:10
SJ-00741,집현동_세종공동캠퍼스 학생회관 북동측,Y,집현동,집현동 산 16,127.3330062,36.5010741,4,30,2024-08-30 10:59:15,2024-10-23 11:23:49
SJ-00742,집현동_세종공동캠퍼스 체육관 서측,Y,집현동,집현동 산 16,127.3290768,36.5014279,4,25,2024-08-30 11:01:43,2024-10-23 11:22:38
SJ-00743,"산울동_산울마을 7단지,712동 앞",Y,산울동,세종 산울7로 11 산울마을7단지,127.265435,36.530347,6,20,2024-09-23 09:51:02,2024-11-27 14:32:06
SJ-00744,세종이음학교 입구,Y,집현동,세종 집현동 931-9,127.3373896,36.499747,4,20,2024-09-23 09:59:08,2024-09-23 13:17:48
SJ-00745,"집현동_집현로77, 대왕마트 앞",Y,집현동,세종 집현동로 77 ,127.3248118,36.4909968,4,20,2024-09-23 10:09:20,2024-09-23 13:22:43
SJ-00746,고운동_가락마을8단지 804동 앞,Y,고운동,세종 만남로 92,127.2411848,36.5057929,1,20,2024-09-23 10:16:04,2024-09-30 17:50:04
SJ-00747,소담동_한국전력공사 정문,Y,소담동,세종 법원로 18,127.306256,36.483777,3,25,2024-09-23 10:41:43,2024-11-06 17:02:53
SJ-00748,도담동_도램마을3단지 305동 앞,Y,도담동,세종 다솜1로 184,127.2557448,36.5136541,1,20,2024-09-23 10:52:03,2024-09-24 11:04:12
SJ-00749,다정동_LH희망상가(청년세종센터),Y,다정동,세종 다정중앙로 20 가온마을 7단지 상가동 2층 세종시청년센터,127.2494129,36.4932814,2,20,2024-09-23 11:03:51,2024-09-23 11:03:51
SJ-00750,"산울동_산울7로, 706동 앞",Y,산울동,세종 산울7로 11 산울마을7단지,127.2651856,36.5323189,6,20,2024-09-23 11:25:23,2024-09-23 11:25:23
SJ-00751,"새롬동_새롬북로14,새뜸마을 3단지 309동 앞 ",Y,새롬동,세종 새롬북로 14,127.2460722,36.4841824,2,20,2024-09-23 11:28:49,2024-09-23 11:28:49
SJ-00752,"해밀동_해밀3로 32, 해밀마을1단지 110동 인근",Y,해밀동,세종 해밀3로 32,127.2626965,36.5251848,6,30,2024-09-23 11:36:00,2024-09-24 14:28:37
SJ-00753,공동캠퍼스 BRT 옆,Y,집현동,세종 집현북로 109,127.329057,36.5014253,4,20,2024-09-23 11:40:12,2024-09-23 11:40:12
SJ-00754,조치원읍 엘리프세종아파트 104동 앞,Y,조치원,세종 조치원읍 서북부4로 10 엘리프세종아파트,127.2823574,36.6028354,조치원,25,2024-11-13 09:50:02,2024-11-13 09:50:02
SJ-00755,조치원읍 엘리프세종아파트 111동 앞 ,Y,조치원,세종 조치원읍 서북부4로 10 엘리프세종아파트,127.279915,36.602643,조치원,25,2024-11-13 09:58:34,2024-11-13 09:58:34
SJ-00756,산울동 산울마을 218동 인근,Y,산울동,세종 산울3로 45,127.2541409,36.5301837,6,25,2024-11-13 10:03:26,2024-11-13 10:03:26
SJ-00757,"다정동 898, 오돈오리불고기 인근 ",Y,다정동,세종 다정북로 63 1층,127.2379262,36.4962431,2,25,2024-11-13 10:05:31,2024-11-13 10:05:31
SJ-00758,아름동 범지기마을3단지 311동 앞 ,Y,아름동,아름동 범지기마을 311동,127.2450965,36.5186154,1,25,2024-11-13 10:10:07,2024-11-13 10:10:07
SJ-00759,고운동 가락마을 5단지 앞 ,Y,고운동,고운동 가락마을 5단지 앞 ,127.2384178,36.5060258,1,25,2024-11-13 10:18:30,2024-11-13 10:18:30
SJ-00760,한솔동 참샘초등학교 인근 ,Y,한솔동,세종 노을1로 29,127.2585021,36.4795775,2,25,2024-11-13 10:40:46,2024-11-13 10:40:46
SJ-00762,"보람동 759, 강남제일타워 인근 ",Y,보람동,세종특별자치시 보람동 759,127.2897338,36.477011,3,25,2024-11-13 10:48:19,2024-11-13 10:48:19
SJ-00763,새롬동 해피라움W인근,Y,새롬동,세종 새롬중앙로 62-15,127.2514694,36.4865346,2,25,2024-11-13 10:51:39,2024-11-13 10:51:39
SJ-01001,국립어린이박물관,Y,세종동,세종동 107-112,127.2720352,36.4896518,S-1,35,2024-05-02 13:26:39,2024-11-18 10:25:16
SJ-705,세종동_세종전통문화체험관 정부세종청사방향(임시버스정류장),Y,세종동,세종특별자치시 세종동 794-1,127.285504,36.5037737,S-1,25,2023-11-10 13:23:19,2024-03-13 13:19:34
SJ-00739,집현동_세종공동캠퍼스 충남대,N,집현동,집현동 산 16,127.3331549,36.5021935,4,30,2024-08-30 10:53:36,2024-11-14 15:37:28
SJ-00764,다정동 명품한우타운 인근 ,Y,다정동,세종 다정로 13,127.2357338,36.498688,2,20,2025-01-06 09:02:57,2025-01-06 09:02:57
SJ-00765,다정동 가온마을 1102단지 인근 ,Y,다정동,세종 다정남로 130 1층 메리봉봉,127.2548364,36.4924166,2,20,2025-01-06 09:07:56,2025-01-06 09:07:56
SJ-00766,아름동 범지기마을 11단지 인근 ,Y,아름동,세종 보듬3로 73,127.2501372,36.5100619,1,20,2025-01-06 09:10:24,2025-01-06 09:10:24
SJ-00767,해밀동 라포르테 112동 앞 ,Y,해밀동,세종 해밀동 라포르테 112동,127.273046,36.526104,6,20,2025-01-06 09:13:15,2025-01-06 09:13:15
SJ-00768,"소담동 한누리대로 2016, 타임빌딩 앞 ",Y,소담동,소담동 한누리대로 2016,127.2997554,36.4848432,3,20,2025-01-06 09:19:20,2025-01-06 09:19:20
SJ-00769,반곡동 조세재정연구원 인근,Y,반곡동,세종 시청대로 336 한국조세재정연구원,127.3020648,36.4928953,4,20,2025-01-06 09:24:48,2025-01-06 09:24:48
SJ-00770,반곡동 더건강한약국 앞,Y,반곡동,세종 한누리대로 1934 메인타워 1층,127.3036238,36.4913255,4,20,2025-01-06 09:28:05,2025-01-06 09:28:05
SJ-00771,조치원 국립농산물품질관리원,Y,조치원,세종 조치원읍 서북부2로 3,127.2829701,36.6017296,조치원,20,2025-01-06 09:29:59,2025-01-06 09:29:59
